"Jan 4th, 2023",,,,,,
"May 15th, 2012",,,,,,
"May 15th, 2012",,,,,,
"Oct 2nd, 2012",,,2004,,146,
"Jun 1st, 2013",,,2005,,167,
"Jun 1st, 2013",,,2006,,172,
"Jun 1st, 2013",,,2007,,91,
"Oct 2nd, 2012",,,2008,,161,
"Oct 2nd, 2012",,,2009,,129,
"Jun 1st, 2013",,,2010,,159,
"Sep 16th, 2013",,,2011,,210,
"Oct 28th, 2013",,,2012,,257,
"Oct 28th, 2013",,,2013,,240,
"Jun 1st, 2013",,,2014,,158,
"Jan 14th, 2014",,,2015,,122,
"Jul 31st, 2014",,,2016,,65,
"Jan 14th, 2014",,,2017,,128,
"Feb 2nd, 2016",,,2018,,142,
"May 28th, 2015",,,2019,,140,
"Jan 11th, 2016",,,2020,,113,
"Jul 27th, 2017",,,2021,,173,
"Jul 27th, 2017",,,2022,,142,
"Jul 31st, 2014",,,2023,,297,
"Jul 31st, 2014",,,2024,,123,
"Jun 1st, 2007",,,,3459,3335,124
"Jun 1st, 2007",,,,,,
"Jul 27th, 2017",,,,,,
"Jul 27th, 2017",,,,,,
"May 23rd, 2013",,,,,,
"May 23rd, 2013",,,,,,
"Oct 18th, 2013",,,,,,
"Sep 7th, 2011",,,,,,
"Jun 14th, 2011",,,,,,
"Jun 14th, 2011",,,,,,
"Jun 14th, 2011",,,,,,
"Dec 20th, 2011",,,,,,
"Dec 20th, 2011",,,,,,
"Sep 7th, 2011",,,,,,
"Dec 20th, 2011",,,,,,
May-13,,,,,,
Jan-14,,,,,,
"May 15th, 2012",,,,,,
"Sep 27th, 2012",,,,,,
"May 23rd, 2013",,,,,,
"Feb 1st, 2014",,,,,,
"Nov 4th, 2013",,,,,,
"Jun 1st, 2013",,,,,,
"Mar 12th, 2013",,,,,,
"Oct 2nd, 2012",,,,,,
"Oct 2nd, 2012",,,,,,
"Jun 1st, 2013",,,,,,
"Jun 1st, 2013",,,,,,
Dec-13,,,,,,
Mar-14,,,,,,
Aug-14,,,,,,
Apr-17,,,,,,
"Jan 7th, 2019",,,,,,
"Jan 7th, 2019",,,,,,
Apr-17,,,,,,
"Dec 20th, 2014",,,,,,
Aug-14,,,,,,
"Jul 31st, 2014",,,,,,
"May 23rd, 2013",,,,,,
"Jun 14th, 2011",,,,,,
"Jun 14th, 2011",,,,,,
"Dec 20th, 2011",,,,,,
"Dec 20th, 2011",,,,,,
"Aug 17th, 2011",,,,,,
"Jun 30th, 2011",,,,,,
"Dec 20th, 2011",,,,,,
"Jun 30th, 2011",,,,,,
"Dec 20th, 2011",,,,,,
"May 15th, 2012",,,,,,
"May 15th, 2012",,,,,,
"May 23rd, 2013",,,,,,
"Jun 1st, 2013",,,,,,
"Jun 1st, 2013",,,,,,
"Jun 1st, 2013",,,,,,
"Oct 2nd, 2012",,,,,,
"Oct 2nd, 2012",,,,,,
"Jun 1st, 2013",,,,,,
"Jun 1st, 2013",,,,,,
Jan-14,,,,,,
"Jul 31st, 2014",,,,,,
"Feb 2nd, 2016",,,,,,
"Oct 26th, 2018",,,,,,
"May 31st, 2016",,,,,,
"May 31st, 2016",,,,,,
Apr-17,,,,,,
"Jan 7th, 2019",,,,,,
"Jan 7th, 2019",,,,,,
Apr-17,,,,,,
"May 31st, 2016",,,,,,
"Mar 16th, 2019",,,,,,
"Sep 5th, 2016",,,,,,
"Sep 5th, 2016",,,,,,
"Jul 27th, 2017",,,,,,
"Jul 31st, 2014",,,,,,
"Jun 14th, 2011",,,,,,
"Jun 14th, 2011",,,,,,
"Dec 20th, 2011",,,,,,
"Jun 14th, 2011",,,,,,
"Dec 20th, 2011",,,,,,
"Jun 30th, 2011",,,,,,
"Dec 20th, 2011",,,,,,
"Jun 30th, 2011",,,,,,
"Dec 20th, 2011",,,,,,
"May 15th, 2012",,,,,,
"Sep 27th, 2012",,,,,,
"Oct 2nd, 2012",,,,,,
"Oct 2nd, 2012",,,,,,
"Jun 1st, 2013",,,,,,
"Jun 1st, 2013",,,,,,
"Jun 1st, 2013",,,,,,
"Oct 2nd, 2012",,,,,,
"Jun 1st, 2013",,,,,,
"Jun 1st, 2013",,,,,,
"Sep 16th, 2013",,,,,,
"Jun 1st, 2013",,,,,,
"Jul 31st, 2014",,,,,,
"Jan 7th, 2015",,,,,,
"Jul 20th, 2015",,,,,,
"Oct 26th, 2018",,,,,,
"Jul 27th, 2017",,,,,,
"Jul 31st, 2014",,,,,,
"May 31st, 2016",,,,,,
"May 31st, 2016",,,,,,
"May 31st, 2016",,,,,,
"May 31st, 2016",,,,,,
"May 31st, 2016",,,,,,
"May 31st, 2016",,,,,,
"Sep 6th, 2018",,,,,,
"Dec 21st, 2018",,,,,,
"Dec 21st, 2018",,,,,,
"Nov 20th, 2019",,,,,,
"Jan 6th, 2019",,,,,,
"Apr 9th, 2014",,,,,,
"Apr 9th, 2014",,,,,,
"Apr 9th, 2014",,,,,,
"Nov 7th, 2005",,,,,,
"Jun 1st, 2008",,,,,,
"Jan 1st, 2008",,,,,,
"Jan 1st, 2009",,,,,,
"Apr 27th, 2004",,,,,,
"Apr 27th, 2004",,,,,,
"Apr 27th, 2004",,,,,,
"Apr 27th, 2004",,,,,,
"Aug 1st, 2008",,,,,,
"May 23rd, 2006",,,,,,
"Apr 4th, 2005",,,,,,
"Oct 14th, 2004",,,,,,
"Apr 27th, 2004",,,,,,
"Apr 27th, 2004",,,,,,
"Apr 14th, 2005",,,,,,
"Apr 27th, 2004",,,,,,
"Apr 21st, 2008",,,,,,
"May 23rd, 2006",,,,,,
"Apr 4th, 2005",,,,,,
"Oct 14th, 2004",,,,,,
"Apr 27th, 2004",,,,,,
"Apr 27th, 2004",,,,,,
"May 31st, 2005",,,,,,
"Feb 20th, 2007",,,,,,
"Apr 14th, 2005",,,,,,
"Apr 14th, 2005",,,,,,
"Apr 27th, 2004",,,,,,
"Jan 6th, 2004",,,,,,
"Apr 27th, 2004",,,,,,
"Apr 27th, 2004",,,,,,
"Apr 4th, 2005",,,,,,
"Apr 14th, 2005",,,,,,
"Feb 20th, 2007",,,,,,
"Feb 20th, 2007",,,,,,
"Jun 1st, 2004",,,,,,
"May 23rd, 2006",,,,,,
"Apr 4th, 2005",,,,,,
"Oct 14th, 2004",,,,,,
"Jun 1st, 2004",,,,,,
"May 4th, 2005",,,,,,
"May 31st, 2005",,,,,,
"Feb 20th, 2007",,,,,,
"Feb 20th, 2007",,,,,,
"Jun 1st, 2004",,,,,,
"May 4th, 2005",,,,,,
"Jun 1st, 2004",,,,,,
"May 11th, 2005",,,,,,
"Apr 14th, 2005",,,,,,
"Feb 20th, 2007",,,,,,
"Jun 1st, 2004",,,,,,
"May 23rd, 2006",,,,,,
"Apr 4th, 2005",,,,,,
"Jun 1st, 2004",,,,,,
"Feb 20th, 2007",,,,,,
"Feb 20th, 2007",,,,,,
"Feb 20th, 2007",,,,,,
"Aug 16th, 2005",,,,,,
"May 4th, 2005",,,,,,
"Oct 19th, 2004",,,,,,
"May 31st, 2005",,,,,,
"Feb 20th, 2007",,,,,,
"Jun 1st, 2004",,,,,,
"Mar 18th, 2004",,,,,,
"Oct 10th, 2004",,,,,,
"Oct 10th, 2004",,,,,,
"Jun 27th, 2005",,,,,,
"Jan 9th, 2006",,,,,,
"May 23rd, 2006",,,,,,
"Nov 30th, 2006",,,,,,
"Nov 30th, 2006",,,,,,
"Nov 30th, 2006",,,,,,
Never Released,,,,,,
"Oct 8th, 2007",,,,,,
"Oct 8th, 2007",,,,,,
"Oct 8th, 2007",,,,,,
"Oct 8th, 2007",,,,,,
"Jan 7th, 2009",,,,,,
"Oct 8th, 2007",,,,,,
"Apr 1st, 2008",,,,,,
"Apr 28th, 2008",,,,,,
"May 1st, 2008",,,,,,
"Aug 1st, 2006",,,,,,
"Dec 5th, 2006",,,,,,
"May 31st, 2005",,,,,,
"May 23rd, 2006",,,,,,
"May 23rd, 2006",,,,,,
"Aug 1st, 2005",,,,,,
"May 23rd, 2006",,,,,,
"Aug 1st, 2005",,,,,,
"May 23rd, 2006",,,,,,
"May 23rd, 2006",,,,,,
"Dec 5th, 2006",,,,,,
"May 23rd, 2006",,,,,,
"May 23rd, 2006",,,,,,
"May 23rd, 2006",,,,,,
"May 31st, 2005",,,,,,
"Dec 1st, 2006",,,,,,
"May 23rd, 2006",,,,,,
"May 31st, 2005",,,,,,
"May 23rd, 2006",,,,,,
"Dec 5th, 2006",,,,,,
"May 23rd, 2006",,,,,,
"May 31st, 2005",,,,,,
"May 23rd, 2006",,,,,,
"May 31st, 2005",,,,,,
"Apr 22nd, 2008",,,,,,
"May 23rd, 2006",,,,,,
"May 23rd, 2006",,,,,,
"Dec 5th, 2006",,,,,,
"May 31st, 2005",,,,,,
"Sep 25th, 2007",,,,,,
"Sep 6th, 2006",,,,,,
"Feb 1st, 2007",,,,,,
"May 23rd, 2006",,,,,,
"Dec 5th, 2006",,,,,,
"Sep 6th, 2006",,,,,,
"Sep 6th, 2006",,,,,,
"Oct 8th, 2007",,,,,,
"Feb 1st, 2008",,,,,,
"Dec 12th, 2006",,,,,,
"Jan 1st, 2008",,,,,,
"Dec 12th, 2006",,,,,,
"Feb 1st, 2008",,,,,,
"Apr 1st, 2008",,,,,,
"Feb 20th, 2007",,,,,,
"Aug 20th, 2007",,,,,,
"Aug 20th, 2007",,,,,,
"Jul 21st, 2020",,,,,,
"Jul 21st, 2020",,,,,,
"Sep 20th, 2022",,,,,,
"Jul 21st, 2020",,,,,,
"Jul 21st, 2020",,,,,,
"Sep 21st, 2010",,,,,,
"Oct 20th, 2009",,,,,,
"Sep 21st, 2010",,,,,,
"Oct 20th, 2009",,,,,,
"Jul 23rd, 2009",,,,,,
"Oct 20th, 2009",,,,,,
"Jul 23rd, 2009",,,,,,
"May 11th, 2010",,,,,,
"Jun 2nd, 2009",,,,,,
"Sep 21st, 2010",,,,,,
"Oct 20th, 2009",,,,,,
"Jan 25th, 2010",,,,,,
"May 11th, 2010",,,,,,
"Oct 20th, 2009",,,,,,
"Sep 21st, 2010",,,,,,
"Jul 1st, 2011",,,,,,
"Sep 21st, 2010",,,,,,
"Feb 6th, 2013",,,,,,
"Oct 20th, 2009",,,,,,
"Oct 20th, 2009",,,,,,
"May 11th, 2010",,,,,,
"Sep 21st, 2010",,,,,,
"Oct 20th, 2009",,,,,,
"May 3rd, 2011",,,,,,
"Oct 9th, 2009",,,,,,
"Jan 25th, 2010",,,,,,
"May 11th, 2010",,,,,,
"Sep 21st, 2010",,,,,,
"Dec 7th, 2010",,,,,,
"May 3rd, 2011",,,,,,
"Oct 20th, 2009",,,,,,
"Oct 20th, 2009",,,,,,
"May 11th, 2010",,,,,,
"Sep 21st, 2010",,,,,,
"Sep 16th, 2009",,,,,,
"May 3rd, 2011",,,,,,
"Sep 16th, 2009",,,,,,
"Aug 17th, 2011",,,,,,
"Jan 25th, 2010",,,,,,
"Feb 6th, 2012",,,,,,
"May 11th, 2010",,,,,,
"Feb 6th, 2012",,,,,,
"Sep 21st, 2010",,,,,,
"Nov 14th, 2011",,,,,,
"Nov 14th, 2011",,,,,,
"Sep 18th, 2018",,,,,,
"Apr 8th, 2019",,,,,,
"Jul 21st, 2020",,,,,,
"Sep 20th, 2022",,,,,,
"Jul 21st, 2020",,,,,,
"Oct 2nd, 2012",,,,,,
"Apr 21st, 2008",,,,,,
"Apr 21st, 2008",,,,,,
"Jul 31st, 2014",,,,,,
"Mar 5th, 2008",,,,,,
"Oct 21st, 2008",,,,,,
"Sep 8th, 2008",,,,,,
"Dec 15th, 2008",,,,,,
"Dec 15th, 2008",,,,,,
"Dec 15th, 2008",,,,,,
"Apr 28th, 2009",,,,,,
"Oct 8th, 2007",,,,,,
"Oct 8th, 2007",,,,,,
"Oct 8th, 2007",,,,,,
"Jun 1st, 2008",,,,,,
"Sep 1st, 2008",,,,,,
"Dec 1st, 2008",,,,,,
"Dec 1st, 2008",,,,,,
"Dec 1st, 2008",,,,,,
"Oct 2nd, 2012",,,,,,
"Oct 2nd, 2012",,,,,,
Oct-13,,,,,,
"Oct 2nd, 2012",,,,,,
"Jun 1st, 2013",,,,,,
Feb-15,,,,,,
"Aug 12th, 2014",,,,,,
"Feb 2nd, 2016",,,,,,
Jul-15,,,,,,
"Aug 12th, 2014",,,,,,
Dec-15,,,,,,
Dec-15,,,,,,
"Jul 27th, 2017",,,,,,
"Jul 27th, 2017",,,,,,
"Jul 27th, 2017",,,,,,
"Nov 19th, 2004",,,,,,
"Dec 29th, 2004",,,,,,
"Jul 24th, 2004",,,,,,
"Jul 13th, 2004",,,,,,
"Jul 13th, 2004",,,,,,
"Jun 3rd, 2008",,,,,,
"Jun 3rd, 2008",,,,,,
"Sep 24th, 2009",,,,,,
"Sep 24th, 2009",,,,,,
"Sep 24th, 2009",,,,,,
"Nov 1st, 2011",,,,,,
"Nov 1st, 2011",,,,,,
"Nov 1st, 2011",,,,,,
"Jan 4th, 2010",,,,,,
"Jun 21st, 2010",,,,,,
"Dec 21st, 2009",,,,,,
"Jun 21st, 2010",,,,,,
"Oct 8th, 2013",,,,,,
"Oct 8th, 2013",,,,,,
"Oct 8th, 2013",,,,,,
"Oct 8th, 2013",,,,,,
"Oct 8th, 2013",,,,,,
"Sep 14th, 2010",,,,,,
"Sep 14th, 2010",,,,,,
"Nov 22nd, 2010",,,,,,
"Nov 22nd, 2010",,,,,,
"Sep 14th, 2010",,,,,,
"Sep 14th, 2010",,,,,,
"Nov 22nd, 2010",,,,,,
"Nov 22nd, 2010",,,,,,
"Sep 14th, 2010",,,,,,
"Sep 14th, 2010",,,,,,
"Nov 22nd, 2010",,,,,,
"Nov 22nd, 2010",,,,,,
"Sep 14th, 2010",,,,,,
"Sep 14th, 2010",,,,,,
"Dec 1st, 2011",,,,,,
"Jun 3rd, 2008",,,,,,
"Jun 3rd, 2008",,,,,,
"Dec 1st, 2011",,,,,,
"Dec 21st, 2009",,,,,,
"Jun 1st, 2010",,,,,,
"Mar 1st, 2010",,,,,,
"Jun 1st, 2010",,,,,,
"Aug 23rd, 2010",,,,,,
"Mar 1st, 2011",,,,,,
"Dec 11th, 2012",,,,,,
"Dec 11th, 2012",,,,,,
"Dec 11th, 2012",,,,,,
"Mar 2nd, 2015",,,,,,
"Aug 30th, 2014",,,,,,
"Aug 30th, 2014",,,,,,
"Aug 30th, 2014",,,,,,
"Apr 8th, 2024",,,,,,
"Jan 3rd, 2023",,,,,,
"Apr 8th, 2024",,,,,,
"Jan 3rd, 2023",,,,,,
"Apr 8th, 2024",,,,,,
"Apr 8th, 2024",,,,,,
"Jan 3rd, 2023",,,,,,
"Apr 8th, 2024",,,,,,
"Apr 8th, 2024",,,,,,
"Apr 8th, 2024",,,,,,
"Jan 1st, 2013",,,,,,
"Jan 1st, 2012",,,,,,
"Jan 1st, 2013",,,,,,
"Feb 27th, 2013",,,,,,
"Feb 27th, 2013",,,,,,
"Feb 27th, 2013",,,,,,
"Sep 27th, 2012",,,,,,
"Apr 9th, 2014",,,,,,
"Sep 27th, 2013",,,,,,
"Sep 27th, 2013",,,,,,
"Apr 2nd, 2008",,,,,,
"Apr 2nd, 2008",,,,,,
"Mar 2nd, 2009",,,,,,
"Mar 2nd, 2009",,,,,,
"Apr 8th, 2009",,,,,,
"Apr 2nd, 2008",,,,,,
"Mar 2nd, 2009",,,,,,
"Apr 2nd, 2008",,,,,,
"Mar 2nd, 2009",,,,,,
"Apr 2nd, 2008",,,,,,
"Apr 8th, 2009",,,,,,
"Jun 1st, 2010",,,,,,
"May 4th, 2010",,,,,,
"May 4th, 2010",,,,,,
"May 4th, 2010",,,,,,
"May 4th, 2010",,,,,,
"May 4th, 2010",,,,,,
"May 4th, 2010",,,,,,
"May 4th, 2010",,,,,,
"Apr 11th, 2011",,,,,,
"Apr 11th, 2011",,,,,,
"May 31st, 2010",,,,,,
"Jan 4th, 2011",,,,,,
"Jan 4th, 2011",,,,,,
"Aug 22nd, 2011",,,,,,
"Sep 1st, 2012",,,,,,
"Jan 20th, 2013",,,,,,
"Jan 20th, 2013",,,,,,
"Jan 20th, 2013",,,,,,
"Jan 20th, 2013",,,,,,
"Jan 20th, 2013",,,,,,
"Jan 20th, 2013",,,,,,
"Jan 20th, 2013",,,,,,
"Oct 21st, 2007",,,,,,
"Sep 1st, 2013",,,,,,
"Sep 1st, 2013",,,,,,
"Sep 1st, 2013",,,,,,
"Sep 1st, 2013",,,,,,
"Dec 1st, 2013",,,,,,
"Sep 1st, 2013",,,,,,
"Mar 1st, 2015",,,,,,
"Mar 1st, 2015",,,,,,
"Jan 3rd, 2017",,,,,,
"Jan 3rd, 2017",,,,,,
"Jun 3rd, 2007",,,,,,
"Jan 23rd, 2019",,,,,,
"Jun 3rd, 2007",,,,,,
"Apr 16th, 2019",,,,,,
"Oct 1st, 2018",,,,,,
"Jun 3rd, 2007",,,,,,
"May 1st, 2008",,,,,,
"Aug 31st, 2008",,,,,,
"Jul 1st, 2011",,,,,,
"Feb 23rd, 2022",,,,,,
"Feb 23rd, 2022",,,,,,
"Jul 1st, 2011",,,,,,
"Jan 1st, 2012",,,,,,
"Jul 1st, 2012",,,,,,
"Jun 19th, 2011",,,,,,
"Jul 1st, 2011",,,,,,
"Jan 1st, 2012",,,,,,
"Jul 1st, 2012",,,,,,
"Sep 1st, 2012",,,,,,
"Jan 20th, 2013",,,,,,
"Jun 19th, 2011",,,,,,
"Jan 1st, 2012",,,,,,
"Jul 1st, 2012",,,,,,
"Jun 19th, 2011",,,,,,
"Mar 1st, 2011",,,,,,
"Jan 1st, 2012",,,,,,
"Jul 1st, 2012",,,,,,
"Sep 1st, 2012",,,,,,
"Jul 1st, 2011",,,,,,
"Jun 24th, 2004",,,,,,
"Sep 22nd, 2004",,,,,,
"Jun 24th, 2004",,,,,,
"Jun 24th, 2004",,,,,,
"Jun 24th, 2004",,,,,,
"Sep 22nd, 2004",,,,,,
"Sep 22nd, 2004",,,,,,
"Oct 1st, 2004",,,,,,
"Jun 28th, 2005",,,,,,
"May 28th, 2006",,,,,,
"Jan 20th, 2008",,,,,,
"Apr 20th, 2008",,,,,,
"Nov 30th, 2008",,,,,,
"May 31st, 2009",,,,,,
"Aug 30th, 2009",,,,,,
"Aug 30th, 2009",,,,,,
"Jan 17th, 2010",,,,,,
"Aug 29th, 2010",,,,,,
"Jan 7th, 2010",,,,,,
"Dec 3rd, 2012",,,,,,
"Dec 3rd, 2012",,,,,,
"Dec 3rd, 2012",,,,,,
"Sep 1st, 2013",,,,,,
"Sep 1st, 2013",,,,,,
"Dec 1st, 2013",,,,,,
"Dec 1st, 2013",,,,,,
"Dec 1st, 2013",,,,,,
"Dec 1st, 2013",,,,,,
"May 1st, 2014",,,,,,
"May 1st, 2014",,,,,,
"May 1st, 2014",,,,,,
"Sep 1st, 2015",,,,,,
"Sep 1st, 2015",,,,,,
"Jan 3rd, 2017",,,,,,
"Jan 3rd, 2017",,,,,,
"Jan 3rd, 2017",,,,,,
"Sep 4th, 2011",,,,,,
"Dec 12th, 2011",,,,,,
"Sep 1st, 2012",,,,,,
"Apr 3rd, 2018",,,,,,
"Apr 3rd, 2018",,,,,,
"Apr 3rd, 2018",,,,,,
"Sep 4th, 2011",,,,,,
"Sep 4th, 2011",,,,,,
"Sep 4th, 2011",,,,,,
"Sep 4th, 2011",,,,,,
"Jun 1st, 2012",,,,,,
"Sep 4th, 2011",,,,,,
"Sep 1st, 2012",,,,,,
"Apr 30th, 2020",,,,,,
"Apr 30th, 2020",,,,,,
"Jan 4th, 2022",,,,,,
"Jan 4th, 2022",,,,,,
"Jan 4th, 2022",,,,,,
"Jan 4th, 2022",,,,,,
"Dec 11th, 2017",,,,,,
"Nov 4th, 2019",,,,,,
"Dec 11th, 2017",,,,,,
"Nov 4th, 2019",,,,,,
"Sep 11th, 2013",,,,,,
"Dec 1st, 2013",,,,,,
"Feb 23rd, 2014",,,,,,
"May 22nd, 2014",,,,,,
"Sep 11th, 2013",,,,,,
"Dec 1st, 2013",,,,,,
"Feb 23rd, 2014",,,,,,
"May 22nd, 2014",,,,,,
"Sep 11th, 2013",,,,,,
"Dec 1st, 2013",,,,,,
"Feb 23rd, 2014",,,,,,
"May 22nd, 2014",,,,,,
"Feb 12th, 2010",,,,,,
"Jul 27th, 2006",,,,,,
"Jul 22nd, 2007",,,,,,
"Jul 22nd, 2007",,,,,,
"Oct 21st, 2007",,,,,,
"Mar 2nd, 2008",,,,,,
"Jul 27th, 2006",,,,,,
"Apr 1st, 2007",,,,,,
"Jul 27th, 2006",,,,,,
"Apr 1st, 2007",,,,,,
"Jul 1st, 2007",,,,,,
"Jul 27th, 2006",,,,,,
"Jul 27th, 2006",,,,,,
"Jul 1st, 2007",,,,,,
"Jul 1st, 2007",,,,,,
"Apr 20th, 2008",,,,,,
"Aug 10th, 2008",,,,,,
"Oct 10th, 2008",,,,,,
"Jan 10th, 2009",,,,,,
"May 10th, 2009",,,,,,
"Mar 3rd, 2009",,,,,,
"Jan 1st, 2008",,,,,,
"Jan 1st, 2008",,,,,,
"Mar 3rd, 2009",,,,,,
"Apr 1st, 2008",,,,,,
"Mar 3rd, 2009",,,,,,
"Jan 1st, 2008",,,,,,
"Mar 3rd, 2009",,,,,,
"Jan 1st, 2008",,,,,,
"Aug 8th, 2008",,,,,,
"Jun 13th, 2008",,,,,,
"Jun 13th, 2008",,,,,,
"Dec 28th, 2008",,,,,,
"Dec 28th, 2008",,,,,,
"Jul 15th, 2008",,,,,,
"Dec 28th, 2008",,,,,,
"Jun 2nd, 2009",,,,,,
"Jul 27th, 2006",,,,,,
"Jul 27th, 2006",,,,,,
"Jul 27th, 2006",,,,,,
"May 27th, 2007",,,,,,
"Jul 27th, 2006",,,,,,
"Sep 27th, 2007",,,,,,
"Jul 27th, 2006",,,,,,
"Jul 27th, 2006",,,,,,
"May 27th, 2007",,,,,,
"Jul 27th, 2006",,,,,,
"Dec 27th, 2006",,,,,,
"May 27th, 2007",,,,,,
"Sep 27th, 2007",,,,,,
"Jan 7th, 2008",,,,,,
"Jan 7th, 2008",,,,,,
"Jan 7th, 2008",,,,,,
"Jul 15th, 2008",,,,,,
"Jan 7th, 2008",,,,,,
"Dec 28th, 2008",,,,,,
"Jul 15th, 2008",,,,,,
"Dec 28th, 2008",,,,,,
"Jun 2nd, 2009",,,,,,
"Feb 27th, 2008",,,,,,
"Apr 27th, 2007",,,,,,
"Apr 27th, 2007",,,,,,
"Apr 27th, 2007",,,,,,
"Feb 27th, 2008",,,,,,
"Dec 27th, 2007",,,,,,
"Nov 1st, 2006",,,,,,
"Apr 9th, 2007",,,,,,
"Jul 15th, 2007",,,,,,
"Aug 1st, 2008",,,,,,
"Nov 30th, 2007",,,,,,
"Mar 24th, 2008",,,,,,
"Mar 24th, 2008",,,,,,
"Jul 27th, 2006",,,,,,
"Aug 1st, 2007",,,,,,
"Aug 22nd, 2007",,,,,,
"Jan 7th, 2008",,,,,,
"Jul 1st, 2008",,,,,,
"Jan 7th, 2007",,,,,,
"Jul 23rd, 2007",,,,,,
"Apr 20th, 2007",,,,,,
"Aug 31st, 2009",,,,,,
"Aug 31st, 2008",,,,,,
"Jan 18th, 2009",,,,,,
"Nov 30th, 2008",,,,,,
"Apr 19th, 2009",,,,,,
"Apr 19th, 2009",,,,,,
"Aug 1st, 2008",,,,,,
"Mar 10th, 2008",,,,,,
"Aug 10th, 2008",,,,,,
"Jan 18th, 2009",,,,,,
"Mar 25th, 2008",,,,,,
2009,,,,,,
"Mar 25th, 2008",,,,,,
"Jan 27th, 2009",,,,,,
"Aug 10th, 2008",,,,,,
"May 1st, 2008",,,,,,
"Mar 29th, 2009",,,,,,
"Sep 1st, 2007",,,,,,
"Sep 1st, 2007",,,,,,
"Apr 8th, 2024",,,,,,
"Jan 8th, 2024",,,,,,
"Apr 8th, 2024",,,,,,
"Apr 8th, 2024",,,,,,
"Jan 8th, 2024",,,,,,
"Apr 8th, 2024",,,,,,
"Apr 8th, 2024",,,,,,
"Apr 8th, 2024",,,,,,
Unknown,,,,,,
"Apr 8th, 2024",,,,,,
"Jan 8th, 2024",,,,,,
"Apr 8th, 2024",,,,,,
"Apr 8th, 2024",,,,,,
"Apr 8th, 2024",,,,,,
Unknown,,,,,,
"Jan 5th, 2006",,,,,,
"Jan 5th, 2006",,,,,,
"Sep 3rd, 2006",,,,,,
"May 1st, 2005",,,,,,
"May 1st, 2006",,,,,,
"Jan 5th, 2006",,,,,,
"Jan 5th, 2006",,,,,,
"Jan 5th, 2006",,,,,,
"Jan 5th, 2006",,,,,,
"Jun 28th, 2006",,,,,,
"Sep 3rd, 2006",,,,,,
"Jun 28th, 2006",,,,,,
"Aug 1st, 2019",,,,,,
"Aug 1st, 2019",,,,,,
"Mar 18th, 2020",,,,,,
"Aug 1st, 2019",,,,,,
"Apr 30th, 2020",,,,,,
"Mar 16th, 2021",,,,,,
"Mar 16th, 2021",,,,,,
"Mar 16th, 2021",,,,,,
"Aug 21st, 2019",,,,,,
"Aug 21st, 2019",,,,,,
"Apr 30th, 2020",,,,,,
"Mar 16th, 2021",,,,,,
"Mar 16th, 2021",,,,,,
"Apr 30th, 2020",,,,,,
"Mar 16th, 2021",,,,,,
"Apr 30th, 2020",,,,,,
"Sep 2nd, 2020",,,,,,
"Sep 2nd, 2020",,,,,,
"Sep 2nd, 2020",,,,,,
"Sep 2nd, 2020",,,,,,
"Jan 4th, 2022",,,,,,
"Jan 4th, 2022",,,,,,
Jan-22,,,,,,
Jan-22,,,,,,
Jan-22,,,,,,
"Feb 23rd, 2022",,,,,,
"Feb 23rd, 2022",,,,,,
"Feb 23rd, 2022",,,,,,
"Feb 23rd, 2022",,,,,,
Jan-22,,,,,,
Jan-22,,,,,,
Jan-22,,,,,,
"Jan 4th, 2023",,,,,,
"Jan 4th, 2023",,,,,,
"Jan 4th, 2023",,,,,,
"Jan 4th, 2023",,,,,,
"Jan 4th, 2023",,,,,,
"Jan 4th, 2023",,,,,,
"Jan 4th, 2023",,,,,,
"Jan 4th, 2023",,,,,,
"Jan 8th, 2024",,,,,,
"Jan 8th, 2024",,,,,,
"Jan 8th, 2024",,,,,,
"Feb 20th, 2011",,,,,,
"Feb 20th, 2011",,,,,,
"Jun 1st, 2011",,,,,,
"May 22nd, 2011",,,,,,
"May 1st, 2012",,,,,,
"Feb 20th, 2011",,,,,,
"Sep 4th, 2011",,,,,,
"Sep 4th, 2011",,,,,,
"Sep 4th, 2011",,,,,,
"Feb 1st, 2011",,,,,,
"Feb 1st, 2011",,,,,,
"Feb 1st, 2011",,,,,,
"Mar 1st, 2011",,,,,,
"Sep 1st, 2011",,,,,,
"Sep 1st, 2012",,,,,,
"Jun 1st, 2011",,,,,,
"Jun 1st, 2011",,,,,,
"Jun 1st, 2011",,,,,,
"Sep 1st, 2011",,,,,,
"Jun 1st, 2011",,,,,,
"Oct 1st, 2011",,,,,,
"Jun 1st, 2011",,,,,,
"Oct 1st, 2011",,,,,,
"Jan 1st, 2012",,,,,,
"Sep 1st, 2012",,,,,,
"Jun 1st, 2012",,,,,,
"Jun 1st, 2012",,,,,,
"Sep 30th, 2012",,,,,,
"Sep 30th, 2012",,,,,,
"Aug 1st, 2012",,,,,,
"Jan 1st, 2013",,,,,,
"Jan 1st, 2013",,,,,,
"Jun 1st, 2012",,,,,,
"Aug 1st, 2012",,,,,,
"Sep 3rd, 2012",,,,,,
"Sep 3rd, 2012",,,,,,
"Sep 3rd, 2012",,,,,,
"Jan 8th, 2013",,,,,,
"Jan 8th, 2013",,,,,,
"Sep 3rd, 2012",,,,,,
"Sep 3rd, 2012",,,,,,
"Jun 9th, 2013",,,,,,
"Jun 9th, 2013",,,,,,
"Jan 7th, 2010",,,,,,
"Jan 7th, 2010",,,,,,
"Jun 20th, 2010",,,,,,
"Oct 26th, 2010",,,,,,
"Jan 9th, 2011",,,,,,
"Sep 4th, 2013",,,,,,
"Sep 4th, 2013",,,,,,
"Jun 4th, 2013",,,,,,
"Jun 4th, 2013",,,,,,
"Sep 4th, 2013",,,,,,
"Jun 4th, 2013",,,,,,
"Sep 4th, 2013",,,,,,
"Sep 1st, 2013",,,,,,
"Sep 1st, 2013",,,,,,
"May 1st, 2014",,,,,,
"May 1st, 2014",,,,,,
"Jun 4th, 2013",,,,,,
"Jul 21st, 2014",,,,,,
"Jul 21st, 2014",,,,,,
"May 1st, 2014",,,,,,
"Mar 30th, 2015",,,,,,
"Sep 1st, 2013",,,,,,
"Sep 1st, 2013",,,,,,
"May 11th, 2014",,,,,,
"Sep 1st, 2013",,,,,,
"May 11th, 2014",,,,,,
"May 1st, 2014",,,,,,
"May 11th, 2014",,,,,,
"May 1st, 2014",,,,,,
"Jul 21st, 2014",,,,,,
"Jul 21st, 2014",,,,,,
"Mar 30th, 2015",,,,,,
"Mar 1st, 2015",,,,,,
"Mar 1st, 2015",,,,,,
"Mar 1st, 2015",,,,,,
"Mar 1st, 2015",,,,,,
"Mar 1st, 2015",,,,,,
"Jan 7th, 2010",,,,,,
"Jan 7th, 2010",,,,,,
"May 30th, 2010",,,,,,
"Aug 29th, 2010",,,,,,
"Sep 1st, 2015",,,,,,
"Sep 1st, 2015",,,,,,
"Sep 1st, 2015",,,,,,
"Jan 3rd, 2017",,,,,,
"Jan 3rd, 2017",,,,,,
"Jan 3rd, 2017",,,,,,
"Jul 17th, 2017",,,,,,
"Jul 17th, 2017",,,,,,
"Jan 3rd, 2017",,,,,,
"Jan 3rd, 2017",,,,,,
"Jan 3rd, 2017",,,,,,
"Jul 17th, 2017",,,,,,
"Jul 17th, 2017",,,,,,
"Jan 3rd, 2017",,,,,,
Never Released,,,,,,
"Sep 1st, 2018",,,,,,
"Oct 5th, 2017",,,,,,
"Sep 1st, 2018",,,,,,
"Apr 2nd, 2018",,,,,,
"Apr 5th, 2018",,,,,,
"Sep 1st, 2018",,,,,,
"May 5th, 2018",,,,,,
"Feb 13th, 2018",,,,,,
"Oct 1st, 2018",,,,,,
"Oct 1st, 2018",,,,,,
"Feb 14th, 2018",,,,,,
"Apr 2nd, 2018",,,,,,
"Oct 5th, 2017",,,,,,
"Sep 1st, 2018",,,,,,
"Sep 1st, 2018",,,,,,
"Sep 1st, 2018",,,,,,
"Apr 23rd, 2019",,,,,,
"Apr 1st, 2019",,,,,,
"Sep 1st, 2018",,,,,,
"Apr 1st, 2019",,,,,,
"Apr 23rd, 2019",,,,,,
"Apr 23rd, 2019",,,,,,
"Apr 23rd, 2019",,,,,,
"Jan 8th, 2019",,,,,,
Jun-20,,,,,,
"Jan 3rd, 2023",,,,,,
"Jan 3rd, 2023",,,,,,
"Sep 17th, 2020",,,,,,
"Aug 21st, 2019",,,,,,
"Aug 21st, 2019",,,,,,
"Sep 17th, 2020",,,,,,
"Aug 1st, 2019",,,,,,
"Aug 1st, 2019",,,,,,
"Mar 18th, 2020",,,,,,
"Aug 21st, 2019",,,,,,
"Aug 1st, 2019",,,,,,
"Aug 1st, 2019",,,,,,
"Aug 1st, 2019",,,,,,
"May 4th, 2020",,,,,,
"Apr 30th, 2020",,,,,,
"Apr 30th, 2020",,,,,,
"Apr 2nd, 2020",,,,,,
"Apr 30th, 2020",,,,,,
"Apr 30th, 2020",,,,,,
"Apr 30th, 2020",,,,,,
"Apr 30th, 2020",,,,,,
"Mar 18th, 2020",,,,,,
"May 11th, 2021",,,,,,
"Jan 11th, 2021",,,,,,
"Sep 2nd, 2020",,,,,,
"Jun 21st, 2021",,,,,,
"Sep 2nd, 2020",,,,,,
"Mar 16th, 2021",,,,,,
"Mar 16th, 2021",,,,,,
"May 11th, 2021",,,,,,
"Mar 16th, 2021",,,,,,
"Sep 2nd, 2020",,,,,,
"Mar 16th, 2021",,,,,,
"May 11th, 2021",,,,,,
"Mar 16th, 2021",,,,,,
"May 31st, 2021",,,,,,
"Mar 16th, 2021",,,,,,
"Mar 16th, 2021",,,,,,
"Mar 16th, 2021",,,,,,
"Mar 16th, 2021",,,,,,
"Feb 23rd, 2022",,,,,,
"Feb 23rd, 2022",,,,,,
"Feb 23rd, 2022",,,,,,
"Jan 4th, 2022",,,,,,
"Jan 4th, 2022",,,,,,
Jan-22,,,,,,
"Feb 23rd, 2022",,,,,,
"Feb 23rd, 2022",,,,,,
Jan-22,,,,,,
"May 10th, 2022",,,,,,
"Feb 23rd, 2022",,,,,,
2022,,,,,,
"Jan 4th, 2022",,,,,,
Jan-22,,,,,,
Jan-22,,,,,,
Jan-22,,,,,,
Jan-22,,,,,,
"Feb 23rd, 2022",,,,,,
Jan-22,,,,,,
Jan-22,,,,,,
Jan-22,,,,,,
"May 10th, 2022",,,,,,
"Nov 4th, 2021",,,,,,
"Nov 4th, 2021",,,,,,
Jan-22,,,,,,
"Jan 4th, 2023",,,,,,
"Jan 4th, 2023",,,,,,
"Jan 4th, 2023",,,,,,
"Jan 4th, 2023",,,,,,
"Jan 4th, 2023",,,,,,
"Jan 4th, 2023",,,,,,
"Jan 4th, 2023",,,,,,
"Jan 4th, 2023",,,,,,
"Jan 4th, 2023",,,,,,
"Jan 4th, 2023",,,,,,
"Jan 4th, 2023",,,,,,
"Jan 4th, 2023",,,,,,
"Feb 10th, 2023",,,,,,
"Jan 4th, 2023",,,,,,
"Jan 4th, 2023",,,,,,
"Jan 4th, 2023",,,,,,
"Jan 4th, 2023",,,,,,
"Jan 4th, 2023",,,,,,
"Jan 4th, 2023",,,,,,
"Jan 4th, 2023",,,,,,
"Jan 4th, 2023",,,,,,
"Jan 4th, 2023",,,,,,
"Jan 4th, 2023",,,,,,
"Jan 4th, 2023",,,,,,
"Sep 27th, 2022",,,,,,
"Sep 27th, 2022",,,,,,
"Jan 4th, 2023",,,,,,
"Jan 8th, 2024",,,,,,
"Jan 8th, 2024",,,,,,
"Jan 8th, 2024",,,,,,
Jul-24,,,,,,
Jul-24,,,,,,
"Jan 8th, 2024",,,,,,
Jan-24,,,,,,
"Jan 8th, 2024",,,,,,
"Jan 8th, 2024",,,,,,
"Jan 8th, 2024",,,,,,
Jul-24,,,,,,
Jul-24,,,,,,
"Jan 8th, 2024",,,,,,
"Oct 17th, 2023",,,,,,
"Oct 17th, 2023",,,,,,
"Jan 8th, 2024",,,,,,
"Jan 9th, 2011",,,,,,
"May 22nd, 2011",,,,,,
"Sep 4th, 2011",,,,,,
"Jan 30th, 2012",,,,,,
"Feb 20th, 2011",,,,,,
"Jan 9th, 2011",,,,,,
"Jan 9th, 2011",,,,,,
"May 22nd, 2011",,,,,,
"Feb 1st, 2011",,,,,,
"Feb 1st, 2011",,,,,,
"Sep 1st, 2011",,,,,,
"Oct 1st, 2011",,,,,,
"Oct 1st, 2011",,,,,,
"Sep 1st, 2011",,,,,,
"Sep 1st, 2011",,,,,,
"Jan 1st, 2012",,,,,,
"Jan 1st, 2012",,,,,,
"Jan 30th, 2012",,,,,,
"Jun 1st, 2011",,,,,,
"Jan 9th, 2011",,,,,,
"Jan 9th, 2011",,,,,,
"Jan 9th, 2011",,,,,,
"Jan 9th, 2011",,,,,,
"Feb 1st, 2011",,,,,,
"Feb 1st, 2011",,,,,,
"Feb 1st, 2011",,,,,,
"Feb 1st, 2011",,,,,,
"Feb 1st, 2011",,,,,,
"Feb 1st, 2011",,,,,,
"Feb 1st, 2011",,,,,,
"Jan 30th, 2012",,,,,,
"Jun 1st, 2011",,,,,,
"Jun 1st, 2012",,,,,,
"Jun 1st, 2012",,,,,,
"Jan 1st, 2013",,,,,,
"Jan 1st, 2013",,,,,,
"Jun 1st, 2012",,,,,,
"Jun 1st, 2012",,,,,,
"Jun 1st, 2012",,,,,,
"Sep 3rd, 2012",,,,,,
"Sep 3rd, 2012",,,,,,
"Nov 1st, 2012",,,,,,
"Jan 1st, 2013",,,,,,
"Jan 8th, 2013",,,,,,
"Jan 1st, 2013",,,,,,
"Jan 1st, 2013",,,,,,
"Sep 3rd, 2012",,,,,,
"Jun 1st, 2012",,,,,,
"Jun 1st, 2012",,,,,,
"Nov 1st, 2012",,,,,,
"Jan 1st, 2013",,,,,,
"Jan 1st, 2013",,,,,,
"Jun 1st, 2012",,,,,,
"Jan 1st, 2013",,,,,,
"Jan 8th, 2013",,,,,,
"Apr 29th, 2012",,,,,,
"Apr 29th, 2012",,,,,,
"Jun 1st, 2012",,,,,,
"Jun 1st, 2012",,,,,,
"Jun 1st, 2012",,,,,,
"Jun 1st, 2012",,,,,,
"Apr 29th, 2012",,,,,,
"Apr 29th, 2012",,,,,,
"Jun 1st, 2012",,,,,,
"Apr 29th, 2012",,,,,,
"Jun 1st, 2012",,,,,,
"Apr 29th, 2012",,,,,,
"Jun 1st, 2012",,,,,,
"Jun 1st, 2012",,,,,,
"Jun 4th, 2013",,,,,,
"Jun 4th, 2013",,,,,,
"Apr 14th, 2014",,,,,,
"Jun 4th, 2013",,,,,,
"Jun 4th, 2013",,,,,,
"Jun 4th, 2013",,,,,,
"Sep 1st, 2013",,,,,,
"Jan 7th, 2010",,,,,,
"Sep 1st, 2013",,,,,,
"Jun 4th, 2013",,,,,,
"Jun 2nd, 2013",,,,,,
"Jun 2nd, 2013",,,,,,
"Sep 1st, 2013",,,,,,
"Sep 1st, 2013",,,,,,
"May 11th, 2014",,,,,,
"May 11th, 2014",,,,,,
"Mar 1st, 2014",,,,,,
"Sep 26th, 2010",,,,,,
"Jun 2nd, 2013",,,,,,
"Jun 2nd, 2013",,,,,,
"Jun 2nd, 2013",,,,,,
"Jun 2nd, 2013",,,,,,
"Jun 2nd, 2013",,,,,,
"May 1st, 2014",,,,,,
"May 1st, 2014",,,,,,
"May 11th, 2014",,,,,,
"Sep 26th, 2010",,,,,,
"Jun 2nd, 2013",,,,,,
"Jun 2nd, 2013",,,,,,
"Jun 2nd, 2013",,,,,,
"Jun 2nd, 2013",,,,,,
"Jun 2nd, 2013",,,,,,
"May 1st, 2014",,,,,,
"Jun 2nd, 2014",,,,,,
"May 1st, 2014",,,,,,
"May 1st, 2014",,,,,,
"Jan 9th, 2011",,,,,,
"Mar 1st, 2015",,,,,,
"Mar 1st, 2015",,,,,,
"Mar 1st, 2015",,,,,,
"Mar 1st, 2015",,,,,,
"Mar 1st, 2015",,,,,,
"Mar 1st, 2015",,,,,,
"Mar 1st, 2015",,,,,,
"Jan 7th, 2010",,,,,,
"May 15th, 2015",,,,,,
"Sep 26th, 2010",,,,,,
"May 15th, 2015",,,,,,
"May 15th, 2015",,,,,,
"Sep 26th, 2010",,,,,,
"Jan 24th, 2016",,,,,,
"Jul 2nd, 2015",,,,,,
"Jan 7th, 2010",,,,,,
"Jul 2nd, 2015",,,,,,
"Jul 2nd, 2015",,,,,,
"Oct 11th, 2015",,,,,,
"May 30th, 2010",,,,,,
"Jan 7th, 2010",,,,,,
"Jul 1st, 2015",,,,,,
"Aug 5th, 2015",,,,,,
"Jul 2nd, 2015",,,,,,
"Jan 7th, 2010",,,,,,
"Jan 7th, 2010",,,,,,
"Apr 19th, 2010",,,,,,
"Jan 3rd, 2017",,,,,,
"Jan 3rd, 2017",,,,,,
"Jan 3rd, 2017",,,,,,
"Jan 3rd, 2017",,,,,,
"Sep 8th, 2009",,,,,,
"Jan 3rd, 2017",,,,,,
"Jan 3rd, 2017",,,,,,
"Jan 7th, 2010",,,,,,
"Jul 18th, 2010",,,,,,
"Jan 3rd, 2017",,,,,,
"Jan 3rd, 2017",,,,,,
"Jan 3rd, 2017",,,,,,
"Jun 26th, 2017",,,,,,
"Aug 21st, 2017",,,,,,
"Apr 5th, 2018",,,,,,
"Oct 1st, 2018",,,,,,
"Apr 5th, 2018",,,,,,
"Apr 3rd, 2019",,,,,,
"Apr 2nd, 2018",,,,,,
"Feb 1st, 2018",,,,,,
"Aug 21st, 2017",,,,,,
"Apr 16th, 2019",,,,,,
"Apr 16th, 2019",,,,,,
"Oct 5th, 2017",,,,,,
"Apr 2nd, 2018",,,,,,
"Apr 2nd, 2018",,,,,,
"Sep 1st, 2018",,,,,,
"Sep 1st, 2018",,,,,,
"Feb 14th, 2018",,,,,,
"Apr 3rd, 2018",,,,,,
"Apr 2nd, 2018",,,,,,
"Sep 1st, 2018",,,,,,
"Feb 14th, 2018",,,,,,
"Oct 5th, 2017",,,,,,
"Apr 2nd, 2018",,,,,,
"Sep 1st, 2018",,,,,,
"Sep 1st, 2018",,,,,,
"Oct 19th, 2018",,,,,,
"Jan 8th, 2019",,,,,,
"Sep 1st, 2018",,,,,,
"Oct 19th, 2018",,,,,,
"Apr 23rd, 2019",,,,,,
"Apr 1st, 2018",,,,,,
"Oct 19th, 2018",,,,,,
"Oct 19th, 2018",,,,,,
"Jan 8th, 2019",,,,,,
Jun-20,,,,,,
"Aug 21st, 2019",,,,,,
"Aug 21st, 2019",,,,,,
"Aug 1st, 2019",,,,,,
"Apr 2nd, 2020",,,,,,
"Aug 1st, 2019",,,,,,
"Aug 1st, 2019",,,,,,
"Apr 30th, 2020",,,,,,
"Apr 30th, 2020",,,,,,
"Apr 30th, 2020",,,,,,
"Apr 30th, 2020",,,,,,
"Aug 21st, 2019",,,,,,
"Apr 2nd, 2020",,,,,,
"Apr 2nd, 2020",,,,,,
"Apr 2nd, 2020",,,,,,
"Sep 17th, 2020",,,,,,
"Apr 2nd, 2020",,,,,,
"Jan 11th, 2021",,,,,,
"Jan 11th, 2021",,,,,,
"Jun 21st, 2021",,,,,,
"May 11th, 2021",,,,,,
"Sep 2nd, 2020",,,,,,
"Sep 2nd, 2020",,,,,,
"Mar 16th, 2021",,,,,,
"Mar 16th, 2021",,,,,,
"Mar 16th, 2021",,,,,,
"Mar 16th, 2021",,,,,,
"Mar 16th, 2021",,,,,,
"May 11th, 2021",,,,,,
"May 11th, 2021",,,,,,
"Sep 2nd, 2020",,,,,,
"May 31st, 2021",,,,,,
"Feb 23rd, 2022",,,,,,
"Feb 23rd, 2022",,,,,,
"Feb 23rd, 2022",,,,,,
"Feb 23rd, 2022",,,,,,
Jan-22,,,,,,
"May 10th, 2022",,,,,,
"Feb 23rd, 2022",,,,,,
Jan-22,,,,,,
Jan-22,,,,,,
"Jan 4th, 2022",,,,,,
Jan-22,,,,,,
"Nov 4th, 2021",,,,,,
"Nov 4th, 2021",,,,,,
Jan-22,,,,,,
Jan-22,,,,,,
"Feb 23rd, 2022",,,,,,
Jan-22,,,,,,
Jan-22,,,,,,
"May 10th, 2022",,,,,,
"Feb 23rd, 2022",,,,,,
"May 10th, 2022",,,,,,
"Jan 4th, 2023",,,,,,
"Jan 4th, 2023",,,,,,
"Jan 4th, 2023",,,,,,
"Jan 4th, 2023",,,,,,
"Jan 4th, 2023",,,,,,
"Jan 4th, 2023",,,,,,
"Jan 4th, 2023",,,,,,
"Jan 4th, 2023",,,,,,
"Jan 4th, 2023",,,,,,
"Jan 4th, 2023",,,,,,
"Jan 4th, 2023",,,,,,
"Jan 4th, 2023",,,,,,
"Sep 27th, 2022",,,,,,
"Sep 27th, 2022",,,,,,
"Jan 4th, 2023",,,,,,
"Jan 4th, 2023",,,,,,
"Jan 4th, 2023",,,,,,
"Jan 4th, 2023",,,,,,
"Jan 4th, 2023",,,,,,
"Feb 10th, 2023",,,,,,
"Jan 4th, 2023",,,,,,
"Jan 4th, 2023",,,,,,
"Jan 8th, 2024",,,,,,
"Jan 8th, 2024",,,,,,
"Jan 8th, 2024",,,,,,
"Jan 8th, 2024",,,,,,
"Oct 17th, 2023",,,,,,
"Oct 17th, 2023",,,,,,
"Jan 8th, 2024",,,,,,
Jul-24,,,,,,
Jul-24,,,,,,
"Jan 9th, 2011",,,,,,
"Jan 9th, 2011",,,,,,
"Jan 9th, 2011",,,,,,
"Jan 3rd, 2011",,,,,,
"Jan 3rd, 2011",,,,,,
"Oct 12th, 2011",,,,,,
"Oct 12th, 2011",,,,,,
"Oct 24th, 2011",,,,,,
"Jan 3rd, 2011",,,,,,
"Jan 3rd, 2011",,,,,,
"Jan 3rd, 2011",,,,,,
"Jan 3rd, 2011",,,,,,
"Sep 4th, 2011",,,,,,
"Sep 4th, 2011",,,,,,
"Jan 3rd, 2011",,,,,,
"Jan 3rd, 2011",,,,,,
"Sep 4th, 2011",,,,,,
"Sep 4th, 2011",,,,,,
"Jan 3rd, 2011",,,,,,
"Sep 4th, 2011",,,,,,
"Jun 3rd, 2012",,,,,,
"Jun 3rd, 2012",,,,,,
"Jun 3rd, 2012",,,,,,
"Jun 3rd, 2012",,,,,,
"Nov 1st, 2012",,,,,,
"Jan 8th, 2013",,,,,,
"Jan 8th, 2013",,,,,,
"Jan 8th, 2013",,,,,,
"Jun 3rd, 2012",,,,,,
"Apr 29th, 2012",,,,,,
"Apr 23rd, 2012",,,,,,
"Apr 29th, 2012",,,,,,
"Apr 29th, 2012",,,,,,
"Apr 29th, 2012",,,,,,
"Apr 29th, 2012",,,,,,
"Apr 29th, 2012",,,,,,
"Sep 30th, 2012",,,,,,
"Oct 19th, 2012",,,,,,
"Oct 19th, 2012",,,,,,
"Sep 1st, 2012",,,,,,
"Jun 3rd, 2012",,,,,,
"Jan 8th, 2013",,,,,,
"Jan 8th, 2013",,,,,,
"Apr 29th, 2012",,,,,,
"Apr 29th, 2012",,,,,,
"Sep 3rd, 2012",,,,,,
"Sep 3rd, 2012",,,,,,
"Apr 29th, 2012",,,,,,
"Apr 29th, 2012",,,,,,
"Apr 29th, 2012",,,,,,
"Apr 29th, 2012",,,,,,
"Feb 13th, 2012",,,,,,
"Apr 29th, 2012",,,,,,
"Apr 29th, 2012",,,,,,
"Sep 3rd, 2012",,,,,,
"Sep 3rd, 2012",,,,,,
"Jul 24th, 2013",,,,,,
"Apr 29th, 2012",,,,,,
"Nov 14th, 2011",,,,,,
"Sep 3rd, 2012",,,,,,
"Nov 14th, 2011",,,,,,
"Nov 1st, 2012",,,,,,
"Jun 4th, 2013",,,,,,
"Jun 4th, 2013",,,,,,
"Jun 4th, 2013",,,,,,
"Sep 1st, 2013",,,,,,
"Sep 1st, 2013",,,,,,
"Feb 1st, 2014",,,,,,
"Jun 4th, 2013",,,,,,
"May 27th, 2013",,,,,,
"May 27th, 2013",,,,,,
"May 27th, 2013",,,,,,
"May 27th, 2013",,,,,,
"May 27th, 2013",,,,,,
"Apr 1st, 2014",,,,,,
"Apr 14th, 2013",,,,,,
"Apr 1st, 2014",,,,,,
"Apr 14th, 2013",,,,,,
"May 27th, 2013",,,,,,
"Feb 1st, 2014",,,,,,
"Jun 2nd, 2013",,,,,,
"Jun 2nd, 2013",,,,,,
"Jul 1st, 2014",,,,,,
"Jun 2nd, 2013",,,,,,
"Jun 2nd, 2013",,,,,,
"Jun 2nd, 2013",,,,,,
"Jun 2nd, 2013",,,,,,
"Jun 2nd, 2013",,,,,,
"Sep 1st, 2013",,,,,,
"Jun 2nd, 2013",,,,,,
"May 1st, 2014",,,,,,
"May 1st, 2014",,,,,,
"May 11th, 2014",,,,,,
"May 1st, 2014",,,,,,
"Apr 29th, 2013",,,,,,
"Jan 20th, 2014",,,,,,
"Sep 1st, 2013",,,,,,
"Aug 29th, 2013",,,,,,
"Apr 29th, 2013",,,,,,
"Aug 29th, 2013",,,,,,
"Feb 1st, 2014",,,,,,
"Jul 1st, 2014",,,,,,
"Jun 2nd, 2013",,,,,,
"Jan 20th, 2014",,,,,,
"Sep 1st, 2013",,,,,,
"Apr 29th, 2013",,,,,,
"Jan 20th, 2014",,,,,,
"Jun 7th, 2013",,,,,,
"Sep 1st, 2013",,,,,,
"Sep 3rd, 2013",,,,,,
"Sep 1st, 2013",,,,,,
"Mar 1st, 2015",,,,,,
"Mar 1st, 2015",,,,,,
"Mar 1st, 2015",,,,,,
"Mar 1st, 2015",,,,,,
"Mar 1st, 2015",,,,,,
"Jun 2nd, 2015",,,,,,
"Jun 2nd, 2015",,,,,,
"May 15th, 2015",,,,,,
"May 15th, 2015",,,,,,
"Sep 1st, 2014",,,,,,
"Jun 2nd, 2015",,,,,,
"Sep 1st, 2014",,,,,,
"Jun 2nd, 2015",,,,,,
"Sep 1st, 2014",,,,,,
"Jan 7th, 2010",,,,,,
"Jan 7th, 2010",,,,,,
"Jan 7th, 2010",,,,,,
"Jan 7th, 2010",,,,,,
"Jan 7th, 2010",,,,,,
"Jan 7th, 2010",,,,,,
"Jan 7th, 2010",,,,,,
"Jan 7th, 2010",,,,,,
"Sep 26th, 2010",,,,,,
"Sep 26th, 2010",,,,,,
"Jan 7th, 2010",,,,,,
"Aug 2nd, 2010",,,,,,
"May 24th, 2010",,,,,,
"Jul 1st, 2015",,,,,,
"Aug 5th, 2015",,,,,,
"Sep 1st, 2015",,,,,,
"Sep 1st, 2015",,,,,,
"May 3rd, 2016",,,,,,
"May 31st, 2016",,,,,,
"Sep 26th, 2010",,,,,,
"May 31st, 2016",,,,,,
"May 31st, 2016",,,,,,
"May 31st, 2016",,,,,,
"Sep 23rd, 2009",,,,,,
"Jun 20th, 2010",,,,,,
"Jan 3rd, 2017",,,,,,
"Jan 3rd, 2017",,,,,,
"Jan 3rd, 2017",,,,,,
"Jan 3rd, 2017",,,,,,
"Jun 26th, 2017",,,,,,
"Jun 26th, 2017",,,,,,
"Jan 3rd, 2017",,,,,,
"Jan 3rd, 2017",,,,,,
"Jun 26th, 2017",,,,,,
"Jan 3rd, 2017",,,,,,
"Jun 5th, 2018",,,,,,
"Sep 23rd, 2009",,,,,,
"Jun 20th, 2010",,,,,,
"Aug 21st, 2017",,,,,,
"Apr 5th, 2018",,,,,,
"Oct 1st, 2018",,,,,,
"Oct 1st, 2018",,,,,,
"Sep 8th, 2009",,,,,,
"Jan 7th, 2010",,,,,,
"Aug 21st, 2017",,,,,,
"Oct 1st, 2018",,,,,,
"Oct 1st, 2018",,,,,,
"Jan 1st, 2018",,,,,,
"Sep 1st, 2018",,,,,,
"Sep 8th, 2009",,,,,,
"Oct 5th, 2017",,,,,,
"Apr 3rd, 2018",,,,,,
"Oct 5th, 2017",,,,,,
"Apr 2nd, 2018",,,,,,
"Jan 7th, 2018",,,,,,
"Feb 1st, 2018",,,,,,
"Feb 1st, 2018",,,,,,
"Jul 19th, 2010",,,,,,
"Apr 2nd, 2018",,,,,,
"May 30th, 2010",,,,,,
"May 30th, 2010",,,,,,
"Feb 1st, 2018",,,,,,
"Apr 2nd, 2018",,,,,,
"Nov 17th, 2008",,,,,,
"Sep 23rd, 2009",,,,,,
"Feb 28th, 2010",,,,,,
"Nov 17th, 2008",,,,,,
"Jun 20th, 2010",,,,,,
"Jun 2nd, 2009",,,,,,
"Oct 20th, 2009",,,,,,
"Nov 17th, 2008",,,,,,
"Jul 19th, 2010",,,,,,
"Apr 23rd, 2019",,,,,,
"Apr 23rd, 2019",,,,,,
"Apr 23rd, 2019",,,,,,
"Oct 19th, 2018",,,,,,
"Jan 8th, 2019",,,,,,
"Apr 23rd, 2019",,,,,,
"Jun 2nd, 2009",,,,,,
"Apr 23rd, 2019",,,,,,
"Apr 23rd, 2019",,,,,,
"Jun 26th, 2011",,,,,,
"Oct 19th, 2018",,,,,,
"Mar 16th, 2010",,,,,,
"Apr 23rd, 2019",,,,,,
Jun-19,,,,,,
Jun-19,,,,,,
"Feb 24th, 2011",,,,,,
"Apr 30th, 2020",,,,,,
"Jul 27th, 2020",,,,,,
"Apr 2nd, 2020",,,,,,
"Apr 30th, 2020",,,,,,
"Apr 30th, 2020",,,,,,
"Apr 30th, 2020",,,,,,
"Apr 30th, 2020",,,,,,
"Apr 30th, 2020",,,,,,
"Apr 30th, 2020",,,,,,
"Oct 19th, 2019",,,,,,
"Oct 19th, 2019",,,,,,
"Oct 19th, 2019",,,,,,
"Apr 2nd, 2020",,,,,,
"Oct 19th, 2019",,,,,,
Never Released,,,,,,
"Mar 16th, 2021",,,,,,
"Mar 16th, 2021",,,,,,
"May 11th, 2021",,,,,,
"Mar 16th, 2021",,,,,,
May-21,,,,,,
"Mar 16th, 2021",,,,,,
"Mar 16th, 2021",,,,,,
"May 11th, 2021",,,,,,
"May 11th, 2021",,,,,,
"Jan 4th, 2022",,,,,,
"Jan 4th, 2022",,,,,,
"Jan 4th, 2022",,,,,,
"Jan 4th, 2022",,,,,,
"Jan 4th, 2022",,,,,,
"May 10th, 2022",,,,,,
"Nov 4th, 2021",,,,,,
"Nov 4th, 2021",,,,,,
"Apr 5th, 2022",,,,,,
"Jan 4th, 2022",,,,,,
"Jan 4th, 2022",,,,,,
"May 10th, 2022",,,,,,
"Jan 4th, 2023",,,,,,
"Jan 4th, 2023",,,,,,
"Jan 4th, 2023",,,,,,
"Jan 4th, 2023",,,,,,
"Jan 4th, 2023",,,,,,
"Jan 4th, 2023",,,,,,
"Sep 27th, 2022",,,,,,
"Sep 27th, 2022",,,,,,
"Jan 12th, 2023",,,,,,
"Jan 4th, 2023",,,,,,
"Jan 4th, 2023",,,,,,
"Jan 4th, 2023",,,,,,
"Jan 4th, 2023",,,,,,
"Jan 4th, 2023",,,,,,
"Jan 8th, 2024",,,,,,
"Jan 8th, 2024",,,,,,
"Jan 8th, 2024",,,,,,
"Oct 17th, 2023",,,,,,
"Oct 17th, 2023",,,,,,
"Mar 14th, 2024",,,,,,
"Jan 8th, 2024",,,,,,
Jul-24,,,,,,
Jul-24,,,,,,
Jul-24,,,,,,
"Jun 26th, 2017",,,,,,
"Sep 10th, 2017",,,,,,
"Sep 1st, 2017",,,,,,
"Sep 1st, 2017",,,,,,
"Sep 1st, 2017",,,,,,
"Apr 2nd, 2018",,,,,,
"Oct 19th, 2018",,,,,,
"Apr 23rd, 2019",,,,,,
"Apr 23rd, 2019",,,,,,
"Oct 19th, 2018",,,,,,
"Jan 8th, 2019",,,,,,
"Oct 28th, 2019",,,,,,
"Apr 23rd, 2019",,,,,,
"Oct 19th, 2018",,,,,,
"Oct 19th, 2018",,,,,,
"Oct 19th, 2018",,,,,,
"Oct 19th, 2018",,,,,,
"Apr 23rd, 2019",,,,,,
"Oct 19th, 2018",,,,,,
"Oct 19th, 2018",,,,,,
"Sep 5th, 2014",,,,,,
"Sep 5th, 2014",,,,,,
"Oct 27th, 2014",,,,,,
"Oct 27th, 2014",,,,,,
"Oct 27th, 2014",,,,,,
"Sep 5th, 2014",,,,,,
"Oct 27th, 2014",,,,,,
"Sep 1st, 2015",,,,,,
"May 5th, 2018",,,,,,
"Sep 1st, 2015",,,,,,
"Sep 1st, 2015",,,,,,
"Sep 1st, 2015",,,,,,
"Jan 5th, 2006",,,,,,
"Jan 5th, 2006",,,,,,
"Jan 5th, 2006",,,,,,
"Jan 5th, 2006",,,,,,
"Apr 19th, 2006",,,,,,
"Apr 19th, 2006",,,,,,
"Apr 19th, 2006",,,,,,
"Apr 8th, 2024",,,,,,
"Dec 14th, 2023",,,,,,
"Dec 14th, 2023",,,,,,
"Apr 8th, 2024",,,,,,
"Dec 14th, 2023",,,,,,
"Apr 8th, 2024",,,,,,
"Dec 14th, 2023",,,,,,
"Dec 14th, 2023",,,,,,
"Apr 8th, 2024",,,,,,
"Dec 14th, 2023",,,,,,
"Apr 8th, 2024",,,,,,
Oct-24,,,,,,
Oct-24,,,,,,
"Sep 24th, 2024",,,,,,
"Sep 24th, 2024",,,,,,
"Sep 24th, 2024",,,,,,
"Sep 24th, 2024",,,,,,
Oct-24,,,,,,
Oct-24,,,,,,
"Dec 14th, 2023",,,,,,
"Apr 8th, 2024",,,,,,
"Dec 14th, 2023",,,,,,
"Apr 8th, 2024",,,,,,
"Dec 14th, 2023",,,,,,
"Dec 14th, 2023",,,,,,
"Apr 8th, 2024",,,,,,
"Dec 14th, 2023",,,,,,
"Apr 8th, 2024",,,,,,
"Sep 24th, 2024",,,,,,
"Sep 24th, 2024",,,,,,
Oct-24,,,,,,
Oct-24,,,,,,
Oct-24,,,,,,
Oct-24,,,,,,
Oct-24,,,,,,
"Sep 24th, 2024",,,,,,
"Sep 24th, 2024",,,,,,
"Dec 14th, 2023",,,,,,
Oct-24,,,,,,
Oct-24,,,,,,
Oct-24,,,,,,
"Sep 24th, 2024",,,,,,
"Jan 4th, 2011",,,,,,
"Aug 22nd, 2011",,,,,,
"Jan 4th, 2011",,,,,,
"Aug 22nd, 2011",,,,,,
"Jun 6th, 2012",,,,,,
"Jan 6th, 2013",,,,,,
"May 23rd, 2013",,,,,,
"Feb 1st, 2014",,,,,,
"Nov 5th, 2013",,,,,,
"May 23rd, 2013",,,,,,
"Apr 29th, 2014",,,,,,
2015,,,,,,
"Jun 6th, 2012",,,,,,
"Jan 6th, 2013",,,,,,
"May 23rd, 2013",,,,,,
"Dec 20th, 2011",,,,,,
"Sep 7th, 2011",,,,,,
"Jan 5th, 2014",,,,,,
"May 21st, 2024",,,,,,
"May 21st, 2024",,,,,,
"May 21st, 2024",,,,,,
"May 21st, 2024",,,,,,
"May 21st, 2024",,,,,,
"May 21st, 2024",,,,,,
"May 21st, 2024",,,,,,
"May 21st, 2024",,,,,,
"Sep 5th, 2023",,,,,,
"Sep 5th, 2023",,,,,,
"Aug 7th, 2019",,,,,,
"Jun 29th, 2017",,,,,,
"Aug 7th, 2019",,,,,,
"Jun 14th, 2018",,,,,,
"Aug 7th, 2019",,,,,,
"Aug 7th, 2019",,,,,,
"Jun 29th, 2017",,,,,,
"Aug 7th, 2019",,,,,,
"Mar 15th, 2021",,,,,,
"Jun 29th, 2017",,,,,,
"Aug 7th, 2019",,,,,,
"Aug 7th, 2019",,,,,,
"Sep 5th, 2023",,,,,,
"Sep 5th, 2023",,,,,,
"Mar 15th, 2021",,,,,,
"Mar 15th, 2021",,,,,,
"Mar 15th, 2021",,,,,,
"Jun 29th, 2017",,,,,,
"Jun 29th, 2017",,,,,,
"Aug 7th, 2019",,,,,,
"Nov 16th, 2018",,,,,,
"Mar 22nd, 2022",,,,,,
"Mar 15th, 2021",,,,,,
"Jun 29th, 2017",,,,,,
"Jun 29th, 2017",,,,,,
"Aug 7th, 2019",,,,,,
"Aug 7th, 2019",,,,,,
"Mar 15th, 2021",,,,,,
"Mar 15th, 2021",,,,,,
"Mar 15th, 2021",,,,,,
"Jun 29th, 2017",,,,,,
"Aug 7th, 2019",,,,,,
"Mar 15th, 2021",,,,,,
"Mar 22nd, 2022",,,,,,
"Mar 15th, 2021",,,,,,
"Jun 29th, 2017",,,,,,
"Aug 7th, 2019",,,,,,
"Aug 7th, 2019",,,,,,
"Mar 15th, 2021",,,,,,
"Aug 7th, 2019",,,,,,
"Mar 15th, 2021",,,,,,
"Mar 15th, 2021",,,,,,
"Jun 29th, 2017",,,,,,
"Jun 29th, 2017",,,,,,
"Aug 7th, 2019",,,,,,
"Mar 22nd, 2022",,,,,,
"Mar 15th, 2021",,,,,,
"Jun 29th, 2017",,,,,,
"Aug 7th, 2019",,,,,,
"Mar 15th, 2021",,,,,,
"Sep 5th, 2023",,,,,,
"Mar 15th, 2021",,,,,,
"Sep 5th, 2023",,,,,,
"Aug 7th, 2019",,,,,,
"Aug 7th, 2019",,,,,,
"Mar 15th, 2021",,,,,,
"Mar 15th, 2021",,,,,,
"Aug 7th, 2019",,,,,,
"Mar 15th, 2021",,,,,,
"Mar 22nd, 2022",,,,,,
"Apr 14th, 2020",,,,,,
"Apr 14th, 2020",,,,,,
"Apr 14th, 2020",,,,,,
"Sep 18th, 2019",,,,,,
"Sep 18th, 2023",,,,,,
"Sep 18th, 2023",,,,,,
"Sep 18th, 2023",,,,,,
"Sep 18th, 2023",,,,,,
"Sep 18th, 2023",,,,,,
"Sep 18th, 2023",,,,,,
"Sep 18th, 2023",,,,,,
"Sep 18th, 2023",,,,,,
"Sep 18th, 2023",,,,,,
"Sep 18th, 2023",,,,,,
"Sep 18th, 2023",,,,,,
"Sep 18th, 2023",,,,,,
"Nov 10th, 2022",,,,,,
"Nov 10th, 2022",,,,,,
"Jun 13th, 2023",,,,,,
"Nov 10th, 2022",,,,,,
"Nov 10th, 2022",,,,,,
"Nov 10th, 2022",,,,,,
"Nov 10th, 2022",,,,,,
"Nov 10th, 2022",,,,,,
"Nov 10th, 2022",,,,,,
"Nov 10th, 2022",,,,,,
"Jun 13th, 2023",,,,,,
"Nov 10th, 2022",,,,,,
"Nov 10th, 2022",,,,,,
"Nov 10th, 2022",,,,,,
"Nov 10th, 2022",,,,,,
"Nov 10th, 2022",,,,,,
"Nov 10th, 2022",,,,,,
"Nov 10th, 2022",,,,,,
"Nov 10th, 2022",,,,,,
"Nov 10th, 2022",,,,,,
"Jun 13th, 2023",,,,,,
"Jun 13th, 2023",,,,,,
"Jun 13th, 2023",,,,,,
"Jun 13th, 2023",,,,,,
"Feb 21st, 2018",,,,,,
"Feb 21st, 2018",,,,,,
"Feb 21st, 2018",,,,,,
"Feb 21st, 2018",,,,,,
"Feb 21st, 2018",,,,,,
"Feb 21st, 2018",,,,,,
"Feb 21st, 2018",,,,,,
"Mar 14th, 2023",,,,,,
"Mar 14th, 2023",,,,,,
"Mar 14th, 2023",,,,,,
"Mar 14th, 2023",,,,,,
"Mar 14th, 2023",,,,,,
"Mar 14th, 2023",,,,,,
"Mar 14th, 2023",,,,,,
"Mar 14th, 2023",,,,,,
"Mar 14th, 2023",,,,,,
"Mar 14th, 2023",,,,,,
"Aug 7th, 2012",,,,,,
"Aug 7th, 2012",,,,,,
"Oct 12th, 2011",,,,,,
"Oct 23rd, 2012",,,,,,
"Aug 27th, 2012",,,,,,
"Oct 23rd, 2012",,,,,,
"Feb 27th, 2012",,,,,,
"Oct 23rd, 2012",,,,,,
"Oct 23rd, 2012",,,,,,
"Apr 29th, 2013",,,,,,
"Oct 12th, 2011",,,,,,
"Oct 23rd, 2012",,,,,,
"Oct 23rd, 2012",,,,,,
"Feb 27th, 2012",,,,,,
"Oct 23rd, 2012",,,,,,
"Dec 15th, 2015",,,,,,
"Apr 29th, 2013",,,,,,
"Jun 4th, 2014",,,,,,
"Jun 4th, 2014",,,,,,
Dec-14,,,,,,
"Oct 12th, 2011",,,,,,
"Oct 12th, 2011",,,,,,
"Oct 23rd, 2012",,,,,,
"Oct 12th, 2011",,,,,,
"Oct 23rd, 2012",,,,,,
"Oct 23rd, 2012",,,,,,
"Oct 23rd, 2012",,,,,,
"Sep 2nd, 2014",,,,,,
"Oct 23rd, 2012",,,,,,
"Sep 2nd, 2014",,,,,,
"Sep 2nd, 2014",,,,,,
"Jun 2nd, 2015",,,,,,
"Jun 11th, 2013",,,,,,
"Jun 11th, 2013",,,,,,
"May 31st, 2016",,,,,,
"May 31st, 2016",,,,,,
"Jun 2nd, 2015",,,,,,
"Apr 23rd, 2013",,,,,,
Jun-18,,,,,,
"Feb 23rd, 2016",,,,,,
"Feb 23rd, 2016",,,,,,
Jun-18,,,,,,
"Feb 23rd, 2016",,,,,,
"Feb 23rd, 2016",,,,,,
"Aug 1st, 2005",,,,,,
"Aug 1st, 2004",,,,,,
"Aug 1st, 2005",,,,,,
"Aug 1st, 2004",,,,,,
"Aug 1st, 2004",,,,,,
"Aug 1st, 2004",,,,,,
"Aug 1st, 2004",,,,,,
"Aug 1st, 2004",,,,,,
"Aug 1st, 2004",,,,,,
"Aug 1st, 2005",,,,,,
"Aug 1st, 2005",,,,,,
"Aug 1st, 2005",,,,,,
"Jun 1st, 2004",,,,,,
"Jun 1st, 2004",,,,,,
"Jun 1st, 2004",,,,,,
"Sep 28th, 2004",,,,,,
"Jan 4th, 2005",,,,,,
"Aug 15th, 2006",,,,,,
"Jun 3rd, 2008",,,,,,
"Jun 3rd, 2008",,,,,,
"Jun 3rd, 2008",,,,,,
"Jun 3rd, 2008",,,,,,
"Jun 2nd, 2009",,,,,,
"Jun 2nd, 2009",,,,,,
"Jun 2nd, 2009",,,,,,
"Apr 22nd, 2009",,,,,,
"Apr 22nd, 2009",,,,,,
"Feb 14th, 2004",,,,,,
"May 18th, 2004",,,,,,
"May 18th, 2004",,,,,,
"Aug 2nd, 2005",,,,,,
"Aug 2nd, 2005",,,,,,
"May 18th, 2004",,,,,,
"Feb 14th, 2004",,,,,,
"Aug 2nd, 2005",,,,,,
"Aug 2nd, 2005",,,,,,
"Aug 2nd, 2005",,,,,,
"Dec 1st, 2004",,,,,,
"May 18th, 2004",,,,,,
"Aug 2nd, 2005",,,,,,
"Aug 2nd, 2005",,,,,,
"Aug 2nd, 2005",,,,,,
"Aug 2nd, 2005",,,,,,
"May 18th, 2004",,,,,,
"Aug 2nd, 2005",,,,,,
"Aug 2nd, 2005",,,,,,
"Aug 2nd, 2005",,,,,,
"May 4th, 2005",,,,,,
"Aug 15th, 2006",,,,,,
"Aug 15th, 2006",,,,,,
"Aug 15th, 2006",,,,,,
"Aug 15th, 2006",,,,,,
"Aug 15th, 2006",,,,,,
"Aug 15th, 2006",,,,,,
"Aug 15th, 2006",,,,,,
"Aug 15th, 2006",,,,,,
"Aug 15th, 2006",,,,,,
"Aug 15th, 2006",,,,,,
"Aug 15th, 2006",,,,,,
"Aug 15th, 2006",,,,,,
"Aug 15th, 2006",,,,,,
"Aug 15th, 2006",,,,,,
"Aug 15th, 2006",,,,,,
"Aug 15th, 2006",,,,,,
"Aug 15th, 2006",,,,,,
"Aug 15th, 2006",,,,,,
"Aug 15th, 2006",,,,,,
"Feb 11th, 2007",,,,,,
"Aug 15th, 2006",,,,,,
"Aug 15th, 2006",,,,,,
"Feb 7th, 2007",,,,,,
"Apr 23rd, 2007",,,,,,
"Aug 5th, 2007",,,,,,
"Aug 5th, 2007",,,,,,
"Apr 9th, 2008",,,,,,
"Sep 10th, 2007",,,,,,
"Apr 9th, 2008",,,,,,
"Sep 10th, 2007",,,,,,
"Apr 9th, 2008",,,,,,
"Apr 9th, 2008",,,,,,
"Sep 10th, 2007",,,,,,
"Sep 10th, 2007",,,,,,
"Apr 9th, 2008",,,,,,
"Oct 1st, 2008",,,,,,
"Sep 10th, 2007",,,,,,
"Apr 9th, 2008",,,,,,
"Apr 9th, 2008",,,,,,
"Apr 9th, 2008",,,,,,
"Apr 9th, 2008",,,,,,
"Apr 9th, 2008",,,,,,
"Apr 9th, 2008",,,,,,
"Apr 9th, 2008",,,,,,
"Jun 9th, 2008",,,,,,
"Apr 9th, 2008",,,,,,
"Jun 9th, 2008",,,,,,
"Feb 14th, 2004",,,,,,
"May 18th, 2004",,,,,,
"May 18th, 2004",,,,,,
"Dec 1st, 2004",,,,,,
"May 18th, 2004",,,,,,
"Dec 1st, 2004",,,,,,
"Feb 14th, 2004",,,,,,
"Mar 1st, 2005",,,,,,
"Dec 1st, 2004",,,,,,
"Dec 1st, 2004",,,,,,
"Mar 1st, 2005",,,,,,
"May 18th, 2004",,,,,,
"Dec 1st, 2004",,,,,,
"Dec 1st, 2004",,,,,,
"Mar 1st, 2005",,,,,,
"May 18th, 2004",,,,,,
"Dec 1st, 2004",,,,,,
"Feb 14th, 2005",,,,,,
"Aug 1st, 2005",,,,,,
"Mar 20th, 2012",,,,,,
"Mar 20th, 2012",,,,,,
"Mar 20th, 2012",,,,,,
"Dec 4th, 2012",,,,,,
"Dec 4th, 2012",,,,,,
Jun-13,,,,,,
"Dec 4th, 2012",,,,,,
"Nov 14th, 2011",,,,,,
"Nov 14th, 2011",,,,,,
"Nov 14th, 2011",,,,,,
"Nov 14th, 2011",,,,,,
"Nov 14th, 2011",,,,,,
"Jun 4th, 2012",,,,,,
"Nov 14th, 2011",,,,,,
"Nov 14th, 2011",,,,,,
"Jun 4th, 2012",,,,,,
"Nov 14th, 2011",,,,,,
"Nov 14th, 2011",,,,,,
"Dec 4th, 2012",,,,,,
"Dec 4th, 2012",,,,,,
"Dec 4th, 2012",,,,,,
"Dec 4th, 2012",,,,,,
"Dec 4th, 2012",,,,,,
"Dec 4th, 2012",,,,,,
"Dec 4th, 2012",,,,,,
"Dec 4th, 2012",,,,,,
"Mar 29th, 2010",,,,,,
"Feb 14th, 2011",,,,,,
"Nov 14th, 2011",,,,,,
"Nov 14th, 2011",,,,,,
"Nov 14th, 2011",,,,,,
"Nov 14th, 2011",,,,,,
"May 1st, 2012",,,,,,
"Nov 14th, 2011",,,,,,
"May 1st, 2012",,,,,,
"Nov 5th, 2012",,,,,,
"Nov 5th, 2012",,,,,,
"Nov 5th, 2012",,,,,,
"Jan 22nd, 2014",,,,,,
"Nov 5th, 2012",,,,,,
"Nov 5th, 2012",,,,,,
"Nov 5th, 2012",,,,,,
"Jan 22nd, 2014",,,,,,
"Nov 5th, 2012",,,,,,
"Nov 5th, 2012",,,,,,
"Nov 5th, 2012",,,,,,
"Nov 5th, 2012",,,,,,
"Aug 15th, 2006",,,,,,
"Aug 15th, 2006",,,,,,
"Aug 15th, 2006",,,,,,
"Aug 15th, 2006",,,,,,
"Aug 15th, 2006",,,,,,
"Aug 15th, 2006",,,,,,
"Aug 15th, 2006",,,,,,
"Aug 15th, 2006",,,,,,
"Aug 15th, 2006",,,,,,
"Aug 15th, 2006",,,,,,
"Aug 15th, 2006",,,,,,
"Aug 15th, 2006",,,,,,
"Aug 15th, 2006",,,,,,
"Aug 15th, 2006",,,,,,
"Aug 15th, 2006",,,,,,
"Feb 7th, 2007",,,,,,
"Aug 15th, 2006",,,,,,
"Aug 15th, 2006",,,,,,
"Feb 7th, 2007",,,,,,
"Apr 23rd, 2007",,,,,,
"Aug 5th, 2007",,,,,,
"Aug 5th, 2007",,,,,,
"May 1st, 2008",,,,,,
"Sep 10th, 2007",,,,,,
"May 1st, 2008",,,,,,
"Sep 10th, 2007",,,,,,
"Sep 10th, 2007",,,,,,
"Apr 9th, 2008",,,,,,
"Oct 1st, 2008",,,,,,
"Sep 10th, 2007",,,,,,
"Apr 9th, 2008",,,,,,
"Apr 9th, 2008",,,,,,
"Apr 9th, 2008",,,,,,
"Apr 9th, 2008",,,,,,
"Apr 9th, 2008",,,,,,
"Apr 9th, 2008",,,,,,
"Apr 9th, 2008",,,,,,
"Jun 9th, 2008",,,,,,
"Apr 9th, 2008",,,,,,
"Jun 9th, 2008",,,,,,
"May 18th, 2004",,,,,,
"May 18th, 2004",,,,,,
"May 18th, 2004",,,,,,
"Dec 1st, 2004",,,,,,
"May 18th, 2004",,,,,,
"Dec 1st, 2004",,,,,,
"Mar 1st, 2005",,,,,,
"May 18th, 2004",,,,,,
"Dec 1st, 2004",,,,,,
"Dec 1st, 2004",,,,,,
"Mar 1st, 2005",,,,,,
"May 18th, 2004",,,,,,
"Dec 1st, 2004",,,,,,
"Mar 1st, 2005",,,,,,
"May 18th, 2004",,,,,,
"Dec 1st, 2004",,,,,,
"Feb 14th, 2005",,,,,,
"Aug 1st, 2005",,,,,,
"Apr 1st, 2006",,,,,,
"Jan 14th, 2016",,,,,,
"Jan 14th, 2016",,,,,,
"Jan 14th, 2016",,,,,,
"May 29th, 2013",,,,,,
"Aug 2nd, 2005",,,,,,
"Aug 2nd, 2005",,,,,,
"Aug 2nd, 2005",,,,,,
"Sep 26th, 2005",,,,,,
"Mar 6th, 2006",,,,,,
"Aug 1st, 2005",,,,,,
"Aug 1st, 2005",,,,,,
"May 31st, 2005",,,,,,
"Dec 1st, 2005",,,,,,
"May 31st, 2005",,,,,,
"Feb 1st, 2006",,,,,,
"May 31st, 2005",,,,,,
"Sep 26th, 2005",,,,,,
"Mar 6th, 2006",,,,,,
"Jan 1st, 2006",,,,,,
"Aug 1st, 2005",,,,,,
"Aug 1st, 2005",,,,,,
"Sep 26th, 2005",,,,,,
"Dec 1st, 2005",,,,,,
"Sep 26th, 2005",,,,,,
"Feb 1st, 2006",,,,,,
"Sep 26th, 2005",,,,,,
"Sep 26th, 2005",,,,,,
"Mar 6th, 2006",,,,,,
"Mar 6th, 2006",,,,,,
"May 29th, 2013",,,,,,
"Sep 1st, 2016",,,,,,
"Jun 10th, 2017",,,,,,
"Jan 9th, 2014",,,,,,
"Jan 9th, 2014",,,,,,
"Sep 1st, 2012",,,,,,
"Jan 1st, 2013",,,,,,
"Sep 1st, 2012",,,,,,
"Sep 1st, 2012",,,,,,
"Sep 1st, 2012",,,,,,
"Nov 21st, 2011",,,,,,
"Sep 1st, 2013",,,,,,
"Sep 1st, 2013",,,,,,
"Sep 1st, 2013",,,,,,
"Mar 1st, 2015",,,,,,
"Mar 1st, 2015",,,,,,
"Mar 1st, 2004",,,,,,
"Dec 1st, 2004",,,,,,
"Dec 1st, 2004",,,,,,
"Jun 1st, 2005",,,,,,
"Jun 1st, 2005",,,,,,
"Jun 1st, 2005",,,,,,
"Jan 1st, 2005",,,,,,
"Jan 1st, 2005",,,,,,
"Jan 1st, 2005",,,,,,
"Dec 1st, 2004",,,,,,
"Jan 1st, 2005",,,,,,
"Jan 1st, 2005",,,,,,
"Feb 1st, 2004",,,,,,
"Feb 1st, 2004",,,,,,
"Feb 1st, 2004",,,,,,
"Feb 2nd, 2004",,,,,,
"Apr 1st, 2004",,,,,,
"Aug 4th, 2004",,,,,,
"Jun 21st, 2004",,,,,,
"Jun 21st, 2004",,,,,,
"Jun 21st, 2004",,,,,,
"Jun 21st, 2004",,,,,,
"Jun 21st, 2004",,,,,,
"Jun 21st, 2004",,,,,,
"Jun 21st, 2004",,,,,,
"Jun 21st, 2004",,,,,,
"Jun 21st, 2004",,,,,,
"Jun 21st, 2004",,,,,,
"Jun 12th, 2005",,,,,,
Jul-06,,,,,,
"Jun 21st, 2004",,,,,,
"Jun 12th, 2005",,,,,,
"Jun 21st, 2004",,,,,,
"Jun 12th, 2005",,,,,,
"Jun 21st, 2004",,,,,,
"Jun 12th, 2005",,,,,,
"Jun 21st, 2004",,,,,,
"Jun 12th, 2005",,,,,,
"Jun 21st, 2004",,,,,,
"Jun 12th, 2005",,,,,,
"Feb 20th, 2005",,,,,,
"Feb 20th, 2005",,,,,,
"Jan 5th, 2006",,,,,,
"Feb 20th, 2005",,,,,,
"Jan 5th, 2006",,,,,,
"Feb 20th, 2005",,,,,,
"Jan 5th, 2006",,,,,,
"Feb 20th, 2005",,,,,,
"Jan 5th, 2006",,,,,,
"Nov 14th, 2005",,,,,,
"May 26th, 2005",,,,,,
"Nov 14th, 2005",,,,,,
"Feb 2nd, 2004",,,,,,
"Jun 21st, 2004",,,,,,
"Oct 31st, 2004",,,,,,
"Feb 21st, 2005",,,,,,
"Oct 1st, 2020",,,,,,
"Feb 23rd, 2022",,,,,,
"Feb 23rd, 2022",,,,,,
"Feb 23rd, 2022",,,,,,
"Jun 19th, 2011",,,,,,
"Oct 2nd, 2011",,,,,,
"Jan 1st, 2012",,,,,,
"Feb 1st, 2013",,,,,,
"Sep 1st, 2012",,,,,,
"May 1st, 2012",,,,,,
"Jun 19th, 2011",,,,,,
"Jun 19th, 2011",,,,,,
"Oct 2nd, 2011",,,,,,
"Jan 1st, 2012",,,,,,
"Sep 1st, 2012",,,,,,
"May 26th, 2005",,,,,,
"May 26th, 2005",,,,,,
"May 26th, 2005",,,,,,
"May 26th, 2005",,,,,,
"Jul 23rd, 2006",,,,,,
"Jan 16th, 2006",,,,,,
"Oct 1st, 2006",,,,,,
"Jan 16th, 2006",,,,,,
"Jan 1st, 2007",,,,,,
"Jan 5th, 2006",,,,,,
"Jul 23rd, 2006",,,,,,
"Jan 16th, 2006",,,,,,
"Apr 23rd, 2006",,,,,,
"Jun 3rd, 2007",,,,,,
"Jun 3rd, 2007",,,,,,
"Aug 26th, 2007",,,,,,
"Dec 2nd, 2007",,,,,,
"Jun 1st, 2009",,,,,,
"Mar 2nd, 2008",,,,,,
"Jan 1st, 2009",,,,,,
"Apr 1st, 2009",,,,,,
"Dec 1st, 2009",,,,,,
"Jan 1st, 2010",,,,,,
"Aug 31st, 2008",,,,,,
"Nov 30th, 2008",,,,,,
"Jan 18th, 2009",,,,,,
"Apr 18th, 2010",,,,,,
"Aug 8th, 2010",,,,,,
"Nov 28th, 2010",,,,,,
"May 9th, 2009",,,,,,
"Aug 9th, 2009",,,,,,
"Aug 9th, 2009",,,,,,
"Jan 17th, 2010",,,,,,
"May 30th, 2010",,,,,,
"Aug 29th, 2010",,,,,,
"Apr 18th, 2005",,,,,,
"Dec 27th, 2005",,,,,,
"Mar 26th, 2006",,,,,,
"Jan 21st, 2013",,,,,,
"Jan 21st, 2013",,,,,,
"Jan 21st, 2013",,,,,,
"Sep 3rd, 2012",,,,,,
"Sep 3rd, 2012",,,,,,
"Jan 21st, 2013",,,,,,
"Sep 1st, 2013",,,,,,
"Sep 1st, 2013",,,,,,
"Jul 21st, 2014",,,,,,
"Jul 21st, 2014",,,,,,
"Jun 2nd, 2014",,,,,,
"Sep 1st, 2013",,,,,,
"Sep 1st, 2013",,,,,,
"Sep 1st, 2013",,,,,,
"May 1st, 2014",,,,,,
"May 1st, 2014",,,,,,
"Jul 21st, 2014",,,,,,
"Jul 21st, 2014",,,,,,
"Sep 1st, 2015",,,,,,
"Sep 1st, 2015",,,,,,
"Sep 1st, 2015",,,,,,
"Jan 3rd, 2017",,,,,,
"Jan 3rd, 2017",,,,,,
"Jan 3rd, 2017",,,,,,
"Jan 3rd, 2017",,,,,,
"Jan 3rd, 2017",,,,,,
"May 22nd, 2011",,,,,,
"May 22nd, 2011",,,,,,
"May 22nd, 2011",,,,,,
"Sep 4th, 2011",,,,,,
"Sep 4th, 2011",,,,,,
"Sep 4th, 2011",,,,,,
"Jun 3rd, 2012",,,,,,
"Jun 3rd, 2012",,,,,,
"Sep 2nd, 2012",,,,,,
"Sep 2nd, 2012",,,,,,
"Jan 7th, 2010",,,,,,
"Sep 1st, 2010",,,,,,
"Jan 9th, 2011",,,,,,
"May 22nd, 2011",,,,,,
"May 22nd, 2011",,,,,,
"Sep 4th, 2011",,,,,,
"Jun 3rd, 2012",,,,,,
"Jun 3rd, 2012",,,,,,
"Jan 23rd, 2019",,,,,,
"Apr 2nd, 2018",,,,,,
"Apr 2nd, 2018",,,,,,
"Apr 2nd, 2018",,,,,,
"Apr 2nd, 2018",,,,,,
"Apr 2nd, 2018",,,,,,
"Feb 20th, 2019",,,,,,
"Apr 30th, 2020",,,,,,
"Mar 16th, 2021",,,,,,
"Mar 16th, 2021",,,,,,
"Apr 30th, 2020",,,,,,
"Mar 16th, 2021",,,,,,
"Mar 16th, 2021",,,,,,
"Apr 30th, 2020",,,,,,
"Mar 16th, 2021",,,,,,
"Jan 4th, 2022",,,,,,
"Jan 4th, 2022",,,,,,
"Jan 4th, 2022",,,,,,
"Jan 4th, 2022",,,,,,
"Jun 23rd, 2004",,,,,,
"Jun 23rd, 2004",,,,,,
"Jan 19th, 2005",,,,,,
"May 10th, 2004",,,,,,
"Jan 19th, 2005",,,,,,
"May 10th, 2004",,,,,,
"Jan 19th, 2005",,,,,,
"May 10th, 2004",,,,,,
"Jan 19th, 2005",,,,,,
"Oct 20th, 2004",,,,,,
"Jan 19th, 2005",,,,,,
"Jul 25th, 2005",,,,,,
"Jun 20th, 2010",,,,,,
"Sep 26th, 2010",,,,,,
"Sep 26th, 2010",,,,,,
"Jan 9th, 2011",,,,,,
"Dec 11th, 2017",,,,,,
"Nov 4th, 2019",,,,,,
"Dec 11th, 2017",,,,,,
"Jun 2nd, 2009",,,,,,
"Sep 1st, 2009",,,,,,
"May 25th, 2010",,,,,,
"Jan 9th, 2011",,,,,,
"Jun 1st, 2009",,,,,,
"Jun 1st, 2009",,,,,,
"Jun 1st, 2009",,,,,,
"Nov 4th, 2009",,,,,,
"Jan 25th, 2010",,,,,,
"Sep 21st, 2010",,,,,,
"Dec 7th, 2010",,,,,,
"May 3rd, 2010",,,,,,
"Oct 1st, 2009",,,,,,
"Oct 1st, 2009",,,,,,
"May 11th, 2010",,,,,,
"Jun 2nd, 2009",,,,,,
"Jun 2nd, 2009",,,,,,
"Feb 9th, 2009",,,,,,
"Oct 1st, 2010",,,,,,
"Feb 9th, 2009",,,,,,
"Jan 1st, 2010",,,,,,
"Sep 1st, 2009",,,,,,
"Oct 1st, 2009",,,,,,
"Oct 1st, 2009",,,,,,
"May 11th, 2010",,,,,,
"Jul 1st, 2011",,,,,,
"Feb 9th, 2009",,,,,,
"Feb 9th, 2009",,,,,,
"Sep 1st, 2009",,,,,,
"Sep 1st, 2009",,,,,,
"Jan 4th, 2011",,,,,,
"Sep 1st, 2010",,,,,,
"Jun 1st, 2011",,,,,,
"Jun 2nd, 2009",,,,,,
"Jun 2nd, 2009",,,,,,
"Feb 9th, 2009",,,,,,
"Jan 25th, 2010",,,,,,
"Jan 8th, 2009",,,,,,
"May 11th, 2009",,,,,,
"Jan 8th, 2009",,,,,,
"Apr 23rd, 2009",,,,,,
"Jul 22nd, 2009",,,,,,
"Apr 1st, 2009",,,,,,
"Apr 1st, 2009",,,,,,
"Apr 23rd, 2009",,,,,,
"Jun 1st, 2010",,,,,,
"Nov 7th, 2009",,,,,,
"Aug 13th, 2009",,,,,,
"Sep 21st, 2010",,,,,,
"Oct 1st, 2010",,,,,,
"Jan 4th, 2011",,,,,,
"May 3rd, 2011",,,,,,
"Oct 1st, 2009",,,,,,
"Oct 1st, 2009",,,,,,
"May 11th, 2010",,,,,,
"Apr 27th, 2010",,,,,,
"Sep 1st, 2010",,,,,,
"Apr 27th, 2010",,,,,,
"May 1st, 2010",,,,,,
"Dec 7th, 2010",,,,,,
"Sep 21st, 2010",,,,,,
"Apr 27th, 2010",,,,,,
"Dec 7th, 2010",,,,,,
"Sep 8th, 2008",,,,,,
"Mar 27th, 2008",,,,,,
"Apr 23rd, 2008",,,,,,
"Sep 8th, 2008",,,,,,
"Apr 23rd, 2008",,,,,,
"Mar 27th, 2008",,,,,,
"Apr 23rd, 2008",,,,,,
"Sep 8th, 2008",,,,,,
"Apr 23rd, 2008",,,,,,
"Oct 21st, 2008",,,,,,
"Mar 27th, 2008",,,,,,
"Jul 1st, 2008",,,,,,
"Jul 1st, 2008",,,,,,
"Oct 1st, 2008",,,,,,
"Nov 19th, 2007",,,,,,
"Mar 27th, 2008",,,,,,
"Dec 19th, 2007",,,,,,
"Nov 19th, 2007",,,,,,
"Apr 28th, 2008",,,,,,
"Mar 27th, 2008",,,,,,
"Mar 27th, 2008",,,,,,
"Mar 27th, 2008",,,,,,
"Aug 15th, 2008",,,,,,
"Jul 1st, 2008",,,,,,
"Oct 1st, 2008",,,,,,
"Mar 27th, 2008",,,,,,
"Aug 15th, 2008",,,,,,
"Oct 1st, 2008",,,,,,
"Mar 27th, 2008",,,,,,
"Sep 29th, 2015",,,,,,
Oct-16,,,,,,
Oct-16,,,,,,
"Sep 29th, 2015",,,,,,
"Jul 27th, 2017",,,,,,
"Oct 3rd, 2016",,,,,,
Oct-16,,,,,,
Oct-16,,,,,,
"Oct 3rd, 2016",,,,,,
"Jul 27th, 2017",,,,,,
"Sep 29th, 2015",,,,,,
"Sep 29th, 2015",,,,,,
Oct-18,,,,,,
Oct-18,,,,,,
"Oct 3rd, 2016",,,,,,
"Oct 3rd, 2016",,,,,,
"Sep 29th, 2015",,,,,,
"Oct 3rd, 2016",,,,,,
"Jan 8th, 2024",,,,,,
"Jan 8th, 2024",,,,,,
"Jan 3rd, 2023",,,,,,
"Jan 3rd, 2023",,,,,,
"Jan 3rd, 2023",,,,,,
"Jan 3rd, 2023",,,,,,
"Jan 3rd, 2023",,,,,,
"Jan 4th, 2023",,,,,,
"Jan 4th, 2023",,,,,,
"Jul 27th, 2017",,,,,,
"Jul 27th, 2017",,,,,,
"Feb 12th, 2018",,,,,,
"Apr 19th, 2018",,,,,,
"Jan 8th, 2018",,,,,,
"Jan 8th, 2018",,,,,,
"Sep 10th, 2018",,,,,,
"Apr 24th, 2020",,,,,,
"Jul 7th, 2019",,,,,,
"Jul 7th, 2019",,,,,,
"Jan 6th, 2019",,,,,,
"Jan 6th, 2020",,,,,,
"Jan 6th, 2019",,,,,,
"Apr 24th, 2020",,,,,,
"Apr 4th, 2022",,,,,,
"Jul 21st, 2020",,,,,,
"Jul 21st, 2020",,,,,,
"Jan 6th, 2020",,,,,,
"May 5th, 2022",,,,,,
"Apr 13th, 2021",,,,,,
"Jan 12th, 2021",,,,,,
"Jan 12th, 2021",,,,,,
"May 5th, 2022",,,,,,
"Jan 6th, 2022",,,,,,
"Sep 20th, 2022",,,,,,
"Jan 4th, 2023",,,,,,
"Jan 4th, 2023",,,,,,
"May 3rd, 2023",,,,,,
"Jan 8th, 2024",,,,,,
"Dec 6th, 2023",,,,,,
"Jun 29th, 2017",,,,,,
"Jun 29th, 2017",,,,,,
"May 10th, 2018",,,,,,
"Jan 8th, 2019",,,,,,
"Sep 30th, 2019",,,,,,
"Apr 8th, 2019",,,,,,
"Jul 21st, 2020",,,,,,
"Jul 21st, 2020",,,,,,
"May 7th, 2020",,,,,,
"Jun 1st, 2021",,,,,,
"Jun 1st, 2021",,,,,,
"Mar 16th, 2021",,,,,,
"Apr 19th, 2022",,,,,,
"Jan 4th, 2023",,,,,,
"Jun 26th, 2021",,,,,,
"Apr 11th, 2017",,,,,,
"Apr 11th, 2017",,,,,,
"Apr 11th, 2017",,,,,,
"Oct 11th, 2019",,,,,,
"Apr 11th, 2017",,,,,,
"Feb 12th, 2018",,,,,,
"Apr 19th, 2018",,,,,,
"Oct 26th, 2017",,,,,,
"Sep 10th, 2018",,,,,,
"Apr 19th, 2018",,,,,,
"Sep 19th, 2018",,,,,,
"May 30th, 2018",,,,,,
"Apr 19th, 2018",,,,,,
"Jul 7th, 2019",,,,,,
"Jul 7th, 2019",,,,,,
"Jan 6th, 2019",,,,,,
"Sep 24th, 2019",,,,,,
"Jan 6th, 2019",,,,,,
"Oct 22nd, 2019",,,,,,
"Jul 7th, 2019",,,,,,
"Jul 7th, 2019",,,,,,
"Jul 7th, 2019",,,,,,
"Apr 4th, 2022",,,,,,
"Jan 6th, 2020",,,,,,
"Jul 21st, 2020",,,,,,
"Jul 21st, 2020",,,,,,
"Jan 6th, 2020",,,,,,
"Jan 6th, 2020",,,,,,
"Jan 6th, 2020",,,,,,
"Apr 4th, 2022",,,,,,
"Jan 8th, 2024",,,,,,
"Jan 12th, 2021",,,,,,
"Jan 12th, 2021",,,,,,
"Apr 20th, 2022",,,,,,
"Apr 13th, 2021",,,,,,
"Jan 8th, 2024",,,,,,
"Jan 12th, 2021",,,,,,
"Jan 12th, 2021",,,,,,
"Nov 5th, 2020",,,,,,
"Jul 7th, 2023",,,,,,
"May 5th, 2022",,,,,,
"Jan 6th, 2022",,,,,,
Jan-22,,,,,,
Jan-22,,,,,,
Jan-22,,,,,,
"Jul 22nd, 2023",,,,,,
"Sep 20th, 2022",,,,,,
"Jan 4th, 2023",,,,,,
"Jan 4th, 2023",,,,,,
"Jan 4th, 2023",,,,,,
"Jan 4th, 2023",,,,,,
"May 3rd, 2023",,,,,,
"Nov 2nd, 2023",,,,,,
"Jan 14th, 2023",,,,,,
"Sep 27th, 2022",,,,,,
"Aug 30th, 2024",,,,,,
Jan-23,,,,,,
Jan-23,,,,,,
"May 3rd, 2023",,,,,,
"Jan 4th, 2023",,,,,,
"Apr 1st, 2024",,,,,,
"Jan 8th, 2024",,,,,,
"Dec 6th, 2023",,,,,,
"Jan 8th, 2024",,,,,,
"Dec 6th, 2023",,,,,,
"Dec 6th, 2023",,,,,,
"Dec 6th, 2023",,,,,,
"Aug 8th, 2024",,,,,,
"Jun 29th, 2017",,,,,,
"Jun 29th, 2017",,,,,,
"May 10th, 2018",,,,,,
"May 10th, 2018",,,,,,
"Jan 8th, 2019",,,,,,
"Sep 19th, 2018",,,,,,
"Sep 30th, 2019",,,,,,
"Apr 8th, 2019",,,,,,
"Jul 21st, 2020",,,,,,
"Jul 21st, 2020",,,,,,
"May 7th, 2020",,,,,,
"Nov 11th, 2022",,,,,,
"Nov 11th, 2022",,,,,,
"Jun 1st, 2021",,,,,,
"Jun 1st, 2021",,,,,,
"Mar 16th, 2021",,,,,,
"Apr 19th, 2022",,,,,,
"Apr 19th, 2022",,,,,,
"Apr 19th, 2022",,,,,,
"Apr 19th, 2022",,,,,,
"Jan 4th, 2023",,,,,,
"Jun 13th, 2023",,,,,,
"Apr 16th, 2024",,,,,,
"Apr 16th, 2024",,,,,,
"Apr 16th, 2024",,,,,,
"Apr 16th, 2024",,,,,,
"Mar 2nd, 2017",,,,,,
"Mar 2nd, 2017",,,,,,
"Mar 2nd, 2017",,,,,,
"Apr 19th, 2018",,,,,,
"Sep 19th, 2018",,,,,,
"Oct 26th, 2017",,,,,,
"Apr 29th, 2019",,,,,,
"Apr 19th, 2018",,,,,,
"May 30th, 2018",,,,,,
"Jan 6th, 2019",,,,,,
"Jul 7th, 2019",,,,,,
"Jan 6th, 2019",,,,,,
"Oct 22nd, 2019",,,,,,
"Jul 7th, 2019",,,,,,
"Jul 7th, 2020",,,,,,
"Jul 21st, 2020",,,,,,
"Jul 21st, 2020",,,,,,
"Jan 6th, 2020",,,,,,
"May 7th, 2020",,,,,,
"Jan 6th, 2020",,,,,,
"Jan 6th, 2020",,,,,,
"Jan 6th, 2020",,,,,,
"Apr 4th, 2022",,,,,,
"Apr 13th, 2021",,,,,,
"Jan 12th, 2021",,,,,,
"Apr 4th, 2022",,,,,,
"Jan 8th, 2024",,,,,,
"Jan 12th, 2021",,,,,,
Never Released,,,,,,
"Jan 12th, 2021",,,,,,
"Jan 12th, 2021",,,,,,
"Jan 12th, 2021",,,,,,
"Nov 5th, 2020",,,,,,
"Apr 20th, 2022",,,,,,
"Jul 31st, 2024",,,,,,
"May 5th, 2022",,,,,,
"Jan 6th, 2022",,,,,,
Jan-22,,,,,,
Jan-22,,,,,,
Jan-22,,,,,,
"Jan 14th, 2023",,,,,,
"Sep 27th, 2022",,,,,,
"Jan 4th, 2023",,,,,,
"Jan 4th, 2023",,,,,,
"Jan 4th, 2023",,,,,,
"Jan 4th, 2023",,,,,,
"Jan 4th, 2023",,,,,,
"Jan 4th, 2023",,,,,,
"Jan 4th, 2023",,,,,,
Jan-23,,,,,,
Jan-23,,,,,,
May-23,,,,,,
"Apr 1st, 2024",,,,,,
"Jan 8th, 2024",,,,,,
Unknown,,,,,,
"Dec 6th, 2023",,,,,,
"Dec 6th, 2023",,,,,,
"Dec 6th, 2023",,,,,,
"Aug 8th, 2024",,,,,,
"Jun 29th, 2017",,,,,,
"Jun 29th, 2017",,,,,,
"Sep 19th, 2018",,,,,,
"Oct 26th, 2017",,,,,,
"Sep 19th, 2018",,,,,,
"Sep 30th, 2019",,,,,,
"Apr 8th, 2019",,,,,,
"Jul 21st, 2020",,,,,,
"Jul 21st, 2020",,,,,,
"Jun 1st, 2021",,,,,,
"Jun 1st, 2021",,,,,,
"Mar 16th, 2021",,,,,,
"Apr 19th, 2022",,,,,,
"Apr 19th, 2022",,,,,,
"Apr 19th, 2022",,,,,,
"Apr 19th, 2022",,,,,,
"Jan 4th, 2023",,,,,,
"Jun 13th, 2023",,,,,,
"Apr 16th, 2024",,,,,,
"Apr 16th, 2024",,,,,,
"Apr 16th, 2024",,,,,,
"Sep 24th, 2019",,,,,,
"Jul 7th, 2019",,,,,,
"Jul 7th, 2020",,,,,,
"Nov 25th, 2019",,,,,,
"Mar 16th, 2020",,,,,,
"Mar 7th, 2020",,,,,,
"Jan 12th, 2021",,,,,,
"Jan 12th, 2021",,,,,,
"Jan 12th, 2021",,,,,,
"Nov 5th, 2020",,,,,,
"Jul 31st, 2024",,,,,,
"Nov 5th, 2020",,,,,,
"Jan 12th, 2021",,,,,,
"Jan 12th, 2021",,,,,,
Jan-22,,,,,,
Jan-22,,,,,,
Jan-22,,,,,,
Jan-22,,,,,,
"Jan 4th, 2023",,,,,,
"Jan 14th, 2023",,,,,,
"Sep 27th, 2022",,,,,,
"Jan 4th, 2023",,,,,,
Jan-23,,,,,,
Jan-23,,,,,,
"Jan 4th, 2023",,,,,,
"Jul 27th, 2023",,,,,,
"Sep 27th, 2022",,,,,,
"Jan 4th, 2023",,,,,,
"Dec 6th, 2023",,,,,,
"Aug 15th, 2024",,,,,,
"Aug 15th, 2024",,,,,,
"Apr 19th, 2022",,,,,,
"Apr 19th, 2022",,,,,,
"Jun 13th, 2023",,,,,,
"Apr 16th, 2024",,,,,,
Jul-24,,,,,,
Jul-24,,,,,,
Jul-24,,,,,,
"Apr 20th, 2023",,,,,,
"Apr 20th, 2023",,,,,,
"Apr 20th, 2023",,,,,,
"Apr 20th, 2023",,,,,,
"Apr 2nd, 2024",,,,,,
"Apr 2nd, 2024",,,,,,
"Apr 2nd, 2024",,,,,,
"Apr 2nd, 2024",,,,,,
"Feb 25th, 2020",,,,,,
"Feb 25th, 2020",,,,,,
"Feb 25th, 2020",,,,,,
"Feb 25th, 2020",,,,,,
"Feb 25th, 2020",,,,,,
"Jun 21st, 2022",,,,,,
"Jun 21st, 2022",,,,,,
"Sep 30th, 2022",,,,,,
"Sep 30th, 2022",,,,,,
"Feb 21st, 2018",,,,,,
"Feb 21st, 2018",,,,,,
"Feb 21st, 2018",,,,,,
"Feb 21st, 2018",,,,,,
"Nov 10th, 2020",,,,,,
"Nov 10th, 2020",,,,,,
"Nov 10th, 2020",,,,,,
"Nov 10th, 2020",,,,,,
"Jan 4th, 2023",,,,,,
"Sep 27th, 2022",,,,,,
"Sep 27th, 2022",,,,,,
"Sep 27th, 2022",,,,,,
"Sep 27th, 2022",,,,,,
"Sep 27th, 2022",,,,,,
Never Released,,,,,,
"Aug 31st, 2017",,,,,,
Never Released,,,,,,
"Aug 10th, 2017",,,,,,
Never Released,,,,,,
Never Released,,,,,,
Never Released,,,,,,
"Aug 10th, 2017",,,,,,
"Oct 3rd, 2018",,,,,,
"Aug 31st, 2018",,,,,,
"Oct 2nd, 2018",,,,,,
"Aug 13th, 2018",,,,,,
"Nov 25th, 2019",,,,,,
"Nov 25th, 2019",,,,,,
Never Released,,,,,,
"Feb 7th, 2020",,,,,,
Never Released,,,,,,
"Oct 19th, 2023",,,,,,
"Oct 19th, 2023",,,,,,
"Oct 19th, 2023",,,,,,
"Jul 14th, 2020",,,,,,
"Jul 14th, 2020",,,,,,
"Jul 14th, 2020",,,,,,
"Jul 14th, 2020",,,,,,
"Mar 8th, 2022",,,,,,
"Mar 8th, 2022",,,,,,
"Mar 8th, 2022",,,,,,
"Mar 8th, 2022",,,,,,
"Mar 8th, 2022",,,,,,
"Oct 19th, 2023",,,,,,
"Oct 19th, 2023",,,,,,
"Oct 19th, 2023",,,,,,
"Oct 19th, 2023",,,,,,
May-23,,,,,,
May-23,,,,,,
"Aug 1st, 2011",,,,,,
"Jul 22nd, 2009",,,,,,
"Sep 1st, 2010",,,,,,
"Dec 7th, 2010",,,,,,
"Sep 1st, 2010",,,,,,
"Jul 28th, 2004",,,,,,
"Aug 1st, 2004",,,,,,
"Jul 28th, 2004",,,,,,
"Aug 1st, 2004",,,,,,
"Jul 28th, 2004",,,,,,
"Jul 28th, 2004",,,,,,
"Jul 7th, 2005",,,,,,
"Jul 28th, 2004",,,,,,
"Jul 28th, 2004",,,,,,
"Jul 28th, 2004",,,,,,
"Aug 1st, 2004",,,,,,
"Apr 9th, 2014",,,,,,
"Jul 15th, 2005",,,,,,
"Aug 1st, 2004",,,,,,
"Jul 28th, 2004",,,,,,
"Jul 28th, 2004",,,,,,
"Jul 28th, 2004",,,,,,
"May 23rd, 2006",,,,,,
"Aug 1st, 2004",,,,,,
"May 23rd, 2006",,,,,,
"Jul 15th, 2005",,,,,,
"Jul 15th, 2005",,,,,,
"Oct 1st, 2005",,,,,,
"Nov 23rd, 2004",,,,,,
"Jul 28th, 2004",,,,,,
"May 23rd, 2006",,,,,,
"Apr 1st, 2005",,,,,,
"Sep 17th, 2004",,,,,,
"Feb 15th, 2005",,,,,,
"Jul 15th, 2005",,,,,,
"Jan 1st, 2005",,,,,,
"Jul 15th, 2005",,,,,,
"May 3rd, 2005",,,,,,
"Apr 1st, 2005",,,,,,
"Jul 28th, 2004",,,,,,
"May 23rd, 2006",,,,,,
"Oct 1st, 2005",,,,,,
"May 23rd, 2006",,,,,,
"Jul 15th, 2005",,,,,,
"Jul 15th, 2005",,,,,,
"Aug 19th, 2005",,,,,,
"Apr 1st, 2005",,,,,,
"May 23rd, 2006",,,,,,
"May 17th, 2006",,,,,,
"Oct 1st, 2005",,,,,,
"Jan 23rd, 2006",,,,,,
"May 23rd, 2006",,,,,,
"Aug 1st, 2005",,,,,,
"May 23rd, 2006",,,,,,
"Oct 1st, 2005",,,,,,
"May 23rd, 2006",,,,,,
"May 17th, 2006",,,,,,
"May 23rd, 2006",,,,,,
"Oct 23rd, 2006",,,,,,
"Apr 9th, 2014",,,,,,
"Aug 1st, 2007",,,,,,
"Aug 1st, 2007",,,,,,
"Aug 1st, 2007",,,,,,
"Oct 8th, 2007",,,,,,
"Oct 8th, 2007",,,,,,
"Mar 1st, 2008",,,,,,
"Mar 1st, 2008",,,,,,
"Mar 1st, 2008",,,,,,
"Mar 1st, 2008",,,,,,
2012,,,,,,
"Feb 25th, 2022",,,,,,
"Nov 9th, 2023",,,,,,
"Oct 19th, 2023",,,,,,
"Oct 19th, 2023",,,,,,
"Jun 22nd, 2005",,,,,,
"Mar 10th, 2005",,,,,,
"Mar 10th, 2005",,,,,,
"Mar 10th, 2005",,,,,,
"Mar 10th, 2005",,,,,,
"Jun 22nd, 2005",,,,,,
"Oct 4th, 2005",,,,,,
"Jan 4th, 2006",,,,,,
"Jun 22nd, 2005",,,,,,
"Mar 10th, 2005",,,,,,
"Mar 10th, 2005",,,,,,
"Mar 10th, 2005",,,,,,
"Aug 8th, 2005",,,,,,
"Aug 8th, 2005",,,,,,
"Jun 1st, 2006",,,,,,
"Sep 1st, 2008",,,,,,
"Dec 1st, 2008",,,,,,
"Dec 1st, 2008",,,,,,
"Dec 1st, 2008",,,,,,
"Jun 1st, 2008",,,,,,
"Jun 1st, 2008",,,,,,
"Sep 1st, 2008",,,,,,
"Sep 1st, 2008",,,,,,
"Jun 1st, 2008",,,,,,
"Jun 1st, 2008",,,,,,
"Dec 1st, 2008",,,,,,
"Oct 10th, 2005",,,,,,
"Jun 28th, 2004",,,,,,
"Feb 14th, 2005",,,,,,
"Jun 28th, 2004",,,,,,
"Feb 14th, 2005",,,,,,
"Jun 28th, 2004",,,,,,
"Feb 1st, 2004",,,,,,
"Feb 14th, 2005",,,,,,
"Jun 28th, 2004",,,,,,
"Feb 14th, 2005",,,,,,
"Jun 28th, 2004",,,,,,
"May 23rd, 2006",,,,,,
"May 23rd, 2006",,,,,,
"May 23rd, 2006",,,,,,
"May 23rd, 2006",,,,,,
"May 23rd, 2006",,,,,,
"May 23rd, 2006",,,,,,
"May 23rd, 2006",,,,,,
"Jun 26th, 2006",,,,,,
"Jun 26th, 2006",,,,,,
"Jun 26th, 2006",,,,,,
"Jun 26th, 2006",,,,,,
"Jun 26th, 2006",,,,,,
"Jun 26th, 2006",,,,,,
"Jun 26th, 2006",,,,,,
"Jun 3rd, 2024",,,,,,
"Jun 3rd, 2024",,,,,,
"Jun 3rd, 2024",,,,,,
"Jun 3rd, 2024",,,,,,
"Jun 3rd, 2024",,,,,,
"Jun 3rd, 2024",,,,,,
"Jun 3rd, 2024",,,,,,
"Sep 24th, 2024",,,,,,
"Sep 24th, 2024",,,,,,
"Sep 24th, 2024",,,,,,
"Sep 24th, 2024",,,,,,
"Sep 24th, 2024",,,,,,
"Aug 27th, 2006",,,,,,
"Aug 27th, 2006",,,,,,
"Aug 27th, 2006",,,,,,
"Aug 27th, 2006",,,,,,
"Aug 27th, 2006",,,,,,
"Aug 27th, 2006",,,,,,
"Aug 27th, 2006",,,,,,
"Aug 27th, 2006",,,,,,
"Aug 27th, 2006",,,,,,
"Jul 11th, 2017",,,,,,
"Jan 10th, 2023",,,,,,
"Mar 9th, 2015",,,,,,
"Mar 9th, 2015",,,,,,
"Nov 1st, 2015",,,,,,
"Nov 1st, 2015",,,,,,
"Nov 1st, 2015",,,,,,
"Nov 1st, 2015",,,,,,
"Nov 1st, 2015",,,,,,
"Mar 9th, 2015",,,,,,
"Nov 1st, 2015",,,,,,
"Nov 1st, 2015",,,,,,
"Feb 24th, 2016",,,,,,
"Feb 24th, 2016",,,,,,
"Feb 24th, 2016",,,,,,
"Feb 24th, 2016",,,,,,
"Feb 24th, 2016",,,,,,
"Feb 24th, 2016",,,,,,
"Feb 24th, 2022",,,,,,
"Feb 24th, 2022",,,,,,
"Feb 24th, 2022",,,,,,
"Feb 24th, 2022",,,,,,
"Feb 24th, 2022",,,,,,
"Feb 24th, 2022",,,,,,
"Feb 24th, 2022",,,,,,
"Feb 24th, 2022",,,,,,
"Feb 24th, 2022",,,,,,
"Feb 24th, 2022",,,,,,
"Feb 24th, 2022",,,,,,
"Feb 24th, 2022",,,,,,
"Dec 14th, 2023",,,,,,
"Jul 12th, 2018",,,,,,
"Jul 12th, 2018",,,,,,
"Jul 12th, 2018",,,,,,
"Jul 12th, 2018",,,,,,
"Jul 12th, 2018",,,,,,
"Jul 12th, 2018",,,,,,
"Jul 12th, 2018",,,,,,
"Jul 12th, 2018",,,,,,
"Jul 12th, 2018",,,,,,
"Jul 12th, 2018",,,,,,
"Apr 4th, 2018",,,,,,
"May 31st, 2018",,,,,,
"Apr 4th, 2018",,,,,,
"May 29th, 2019",,,,,,
"May 29th, 2019",,,,,,
"May 29th, 2019",,,,,,
"Jun 11th, 2019",,,,,,
"May 29th, 2019",,,,,,
"May 29th, 2019",,,,,,
"May 29th, 2019",,,,,,
"May 29th, 2019",,,,,,
"May 29th, 2019",,,,,,
"May 29th, 2019",,,,,,
"May 29th, 2019",,,,,,
"May 29th, 2019",,,,,,
"Jun 11th, 2019",,,,,,
"Jun 11th, 2019",,,,,,
"May 29th, 2019",,,,,,
"May 29th, 2019",,,,,,
"May 29th, 2019",,,,,,
"Sep 8th, 2021",,,,,,
"Sep 8th, 2021",,,,,,
"Sep 8th, 2021",,,,,,
"Sep 8th, 2021",,,,,,
"Sep 8th, 2021",,,,,,
"Sep 8th, 2021",,,,,,
"Sep 8th, 2021",,,,,,
"Sep 8th, 2021",,,,,,
"Sep 8th, 2021",,,,,,
"Sep 8th, 2021",,,,,,
"Dec 14th, 2023",,,,,,
"Dec 14th, 2023",,,,,,
"Dec 14th, 2023",,,,,,
"Dec 14th, 2023",,,,,,
"Dec 14th, 2023",,,,,,
"Dec 14th, 2023",,,,,,
"Dec 14th, 2023",,,,,,
"Dec 14th, 2023",,,,,,
"May 14th, 2012",,,,,,
"May 14th, 2012",,,,,,
"May 14th, 2012",,,,,,
"Jun 2nd, 2013",,,,,,
"Oct 19th, 2015",,,,,,
"Apr 3rd, 2011",,,,,,
"May 14th, 2012",,,,,,
"Sep 1st, 2013",,,,,,
"Apr 3rd, 2011",,,,,,
"May 14th, 2012",,,,,,
"Jun 2nd, 2013",,,,,,
"Oct 19th, 2015",,,,,,
"Apr 3rd, 2011",,,,,,
"May 11th, 2014",,,,,,
"May 14th, 2012",,,,,,
"Jun 2nd, 2013",,,,,,
"Oct 19th, 2015",,,,,,
"Apr 3rd, 2011",,,,,,
"Jun 2nd, 2013",,,,,,
"May 11th, 2014",,,,,,
"Apr 3rd, 2011",,,,,,
"Oct 19th, 2015",,,,,,
"May 14th, 2012",,,,,,
"Jun 2nd, 2013",,,,,,
"Oct 19th, 2015",,,,,,
"Apr 3rd, 2011",,,,,,
"May 11th, 2014",,,,,,
"Oct 19th, 2015",,,,,,
"May 11th, 2014",,,,,,
"May 14th, 2012",,,,,,
"Jun 2nd, 2013",,,,,,
"Oct 19th, 2015",,,,,,
"Apr 3rd, 2011",,,,,,
"Jun 2nd, 2015",,,,,,
"Oct 19th, 2015",,,,,,
"Apr 3rd, 2011",,,,,,
"May 14th, 2012",,,,,,
"Jun 2nd, 2013",,,,,,
"Jun 2nd, 2015",,,,,,
"Oct 19th, 2015",,,,,,
"May 14th, 2012",,,,,,
"Jun 2nd, 2013",,,,,,
"Oct 19th, 2015",,,,,,
"Apr 3rd, 2011",,,,,,
"Jun 2nd, 2015",,,,,,
"May 14th, 2012",,,,,,
"Jun 2nd, 2013",,,,,,
"Oct 19th, 2015",,,,,,
"Apr 3rd, 2011",,,,,,
"Jun 2nd, 2015",,,,,,
"May 14th, 2012",,,,,,
"Jun 2nd, 2013",,,,,,
"Oct 19th, 2015",,,,,,
"Apr 3rd, 2011",,,,,,
"Jun 2nd, 2015",,,,,,
"Jun 2nd, 2015",,,,,,
"Jun 2nd, 2013",,,,,,
"Jun 2nd, 2015",,,,,,
"Aug 1st, 2017",,,,,,
"Jun 2nd, 2013",,,,,,
"Jun 2nd, 2015",,,,,,
"May 14th, 2012",,,,,,
"May 29th, 2011",,,,,,
"Oct 27th, 2015",,,,,,
"Oct 27th, 2015",,,,,,
"Jan 24th, 2016",,,,,,
"Oct 27th, 2015",,,,,,
"Jan 24th, 2016",,,,,,
"May 31st, 2016",,,,,,
"May 31st, 2016",,,,,,
"Jan 24th, 2016",,,,,,
"May 31st, 2016",,,,,,
"May 31st, 2016",,,,,,
"May 31st, 2016",,,,,,
"Jan 9th, 2014",,,,,,
"May 14th, 2012",,,,,,
"Jan 9th, 2014",,,,,,
"May 14th, 2012",,,,,,
"Sep 8th, 2014",,,,,,
"Sep 10th, 2013",,,,,,
"Sep 8th, 2014",,,,,,
"Sep 10th, 2013",,,,,,
"Sep 8th, 2014",,,,,,
"Jun 20th, 2016",,,,,,
"Mar 6th, 2012",,,,,,
"Sep 8th, 2014",,,,,,
"Jun 20th, 2016",,,,,,
"Sep 10th, 2013",,,,,,
"Sep 8th, 2014",,,,,,
"Jun 20th, 2016",,,,,,
"Mar 6th, 2012",,,,,,
"Sep 10th, 2013",,,,,,
"Sep 8th, 2014",,,,,,
"Jun 20th, 2016",,,,,,
"Mar 6th, 2012",,,,,,
"Sep 10th, 2013",,,,,,
"Sep 8th, 2014",,,,,,
"Jun 20th, 2016",,,,,,
"Sep 8th, 2014",,,,,,
"Sep 8th, 2014",,,,,,
"Sep 8th, 2014",,,,,,
"Sep 1st, 2013",,,,,,
"May 14th, 2012",,,,,,
"Sep 1st, 2013",,,,,,
"May 14th, 2012",,,,,,
"May 14th, 2012",,,,,,
"Sep 1st, 2013",,,,,,
"May 14th, 2012",,,,,,
"May 14th, 2012",,,,,,
"Sep 1st, 2013",,,,,,
"May 14th, 2012",,,,,,
"May 14th, 2012",,,,,,
"Sep 1st, 2013",,,,,,
"May 14th, 2012",,,,,,
"May 14th, 2012",,,,,,
"Sep 1st, 2013",,,,,,
"May 14th, 2012",,,,,,
"May 14th, 2012",,,,,,
"Sep 1st, 2013",,,,,,
"May 14th, 2012",,,,,,
"Sep 1st, 2013",,,,,,
"Sep 8th, 2014",,,,,,
"Mar 6th, 2012",,,,,,
"Sep 8th, 2014",,,,,,
"Sep 1st, 2013",,,,,,
"Sep 8th, 2014",,,,,,
"Mar 6th, 2012",,,,,,
"Sep 8th, 2014",,,,,,
"Sep 1st, 2013",,,,,,
"Sep 8th, 2014",,,,,,
"Mar 6th, 2012",,,,,,
"Sep 8th, 2014",,,,,,
"Sep 8th, 2014",,,,,,
"Sep 8th, 2014",,,,,,
"Sep 8th, 2014",,,,,,
"Sep 8th, 2014",,,,,,
"Sep 1st, 2013",,,,,,
"Sep 8th, 2014",,,,,,
"Mar 6th, 2012",,,,,,
"Sep 1st, 2013",,,,,,
"Sep 8th, 2014",,,,,,
"Mar 6th, 2012",,,,,,
"Sep 1st, 2013",,,,,,
"Sep 8th, 2014",,,,,,
"Mar 6th, 2012",,,,,,
"Sep 1st, 2013",,,,,,
"Sep 8th, 2014",,,,,,
"Mar 6th, 2012",,,,,,
"Sep 1st, 2013",,,,,,
"Sep 8th, 2014",,,,,,
"Mar 6th, 2012",,,,,,
"Sep 8th, 2014",,,,,,
"Mar 6th, 2012",,,,,,
"Sep 8th, 2014",,,,,,
"Sep 1st, 2013",,,,,,
"Sep 8th, 2014",,,,,,
"Mar 16th, 2016",,,,,,
"Mar 6th, 2012",,,,,,
"Sep 1st, 2013",,,,,,
"Sep 8th, 2014",,,,,,
"Mar 6th, 2012",,,,,,
"Sep 8th, 2014",,,,,,
"Sep 8th, 2014",,,,,,
"Mar 6th, 2012",,,,,,
2015,,,,,,
"Sep 1st, 2013",,,,,,
"Sep 8th, 2014",,,,,,
"Mar 6th, 2012",,,,,,
"Sep 8th, 2014",,,,,,
"Mar 6th, 2012",,,,,,
"Nov 13th, 2014",,,,,,
"Sep 1st, 2013",,,,,,
"Sep 8th, 2014",,,,,,
"Mar 6th, 2012",,,,,,
2015,,,,,,
"Sep 1st, 2013",,,,,,
"Sep 8th, 2014",,,,,,
"Mar 6th, 2012",,,,,,
"Sep 8th, 2014",,,,,,
"Sep 8th, 2014",,,,,,
Jun-15,,,,,,
2015,,,,,,
"Sep 1st, 2013",,,,,,
"Sep 8th, 2014",,,,,,
"Mar 6th, 2012",,,,,,
"Sep 8th, 2014",,,,,,
"Sep 8th, 2014",,,,,,
"Sep 8th, 2014",,,,,,
"Sep 1st, 2013",,,,,,
"Sep 8th, 2014",,,,,,
"Mar 6th, 2012",,,,,,
"Mar 6th, 2012",,,,,,
"Sep 1st, 2013",,,,,,
"Sep 8th, 2014",,,,,,
"Mar 6th, 2012",,,,,,
"Sep 1st, 2013",,,,,,
"Sep 8th, 2014",,,,,,
Never Released,,,,,,
"Sep 1st, 2013",,,,,,
"Sep 8th, 2014",,,,,,
"Sep 8th, 2014",,,,,,
"Sep 1st, 2013",,,,,,
"Sep 8th, 2014",,,,,,
"Sep 8th, 2014",,,,,,
"Nov 18th, 2014",,,,,,
Jan-15,,,,,,
"Sep 8th, 2014",,,,,,
"Oct 25th, 2016",,,,,,
"May 14th, 2012",,,,,,
"May 14th, 2012",,,,,,
"Jun 1st, 2015",,,,,,
"May 14th, 2012",,,,,,
"May 14th, 2012",,,,,,
"Jun 1st, 2015",,,,,,
"May 14th, 2012",,,,,,
"Jun 1st, 2015",,,,,,
"Jun 1st, 2015",,,,,,
"May 14th, 2012",,,,,,
"Jun 1st, 2015",,,,,,
"Jun 1st, 2015",,,,,,
"May 14th, 2012",,,,,,
"May 14th, 2012",,,,,,
"Jun 1st, 2015",,,,,,
"Jun 1st, 2015",,,,,,
"Jun 1st, 2015",,,,,,
"Jun 1st, 2015",,,,,,
"Nov 14th, 2006",,,,,,
"Nov 14th, 2006",,,,,,
"Mar 30th, 2009",,,,,,
"Mar 16th, 2010",,,,,,
"Mar 30th, 2009",,,,,,
"Mar 30th, 2009",,,,,,
"Mar 16th, 2010",,,,,,
"Mar 30th, 2009",,,,,,
"Mar 30th, 2009",,,,,,
"Mar 30th, 2009",,,,,,
"Feb 14th, 2011",,,,,,
"Feb 14th, 2011",,,,,,
"Feb 14th, 2011",,,,,,
"Mar 16th, 2010",,,,,,
"Mar 16th, 2010",,,,,,
"Mar 16th, 2010",,,,,,
"Mar 16th, 2010",,,,,,
"Feb 14th, 2011",,,,,,
"Jun 1st, 2015",,,,,,
"Jun 1st, 2015",,,,,,
"Jun 1st, 2015",,,,,,
"Jun 1st, 2015",,,,,,
"Apr 3rd, 2011",,,,,,
"Jun 1st, 2015",,,,,,
"Apr 3rd, 2011",,,,,,
"Jun 1st, 2015",,,,,,
"Jun 1st, 2015",,,,,,
"Apr 3rd, 2011",,,,,,
"Jun 1st, 2015",,,,,,
"Jun 1st, 2015",,,,,,
"Jun 1st, 2015",,,,,,
"Jun 1st, 2015",,,,,,
"Jun 1st, 2015",,,,,,
"Apr 6th, 2021",,,,,,
"Apr 6th, 2021",,,,,,
"Apr 6th, 2021",,,,,,
"Apr 6th, 2021",,,,,,
"Apr 6th, 2021",,,,,,
"Apr 6th, 2021",,,,,,
"Apr 6th, 2021",,,,,,
"Apr 6th, 2021",,,,,,
"Apr 6th, 2021",,,,,,
"Jan 10th, 2023",,,,,,
"Jan 10th, 2023",,,,,,
"Jan 10th, 2023",,,,,,
"Jan 10th, 2023",,,,,,
"Jan 10th, 2023",,,,,,
"Jan 10th, 2023",,,,,,
"Jan 10th, 2023",,,,,,
"Jan 10th, 2023",,,,,,
"Jan 10th, 2023",,,,,,
"Dec 14th, 2023",,,,,,
"Dec 14th, 2023",,,,,,
"Dec 14th, 2023",,,,,,
"Jul 11th, 2017",,,,,,
"Apr 6th, 2021",,,,,,
"Apr 6th, 2021",,,,,,
"Apr 6th, 2021",,,,,,
"Apr 6th, 2021",,,,,,
"Apr 6th, 2021",,,,,,
"Apr 6th, 2021",,,,,,
"Apr 6th, 2021",,,,,,
"Apr 6th, 2021",,,,,,
"Apr 6th, 2021",,,,,,
"Apr 6th, 2021",,,,,,
"Apr 6th, 2021",,,,,,
"Apr 6th, 2021",,,,,,
"Apr 6th, 2021",,,,,,
"Apr 6th, 2021",,,,,,
"Apr 6th, 2021",,,,,,
"Apr 6th, 2021",,,,,,
"Jan 10th, 2023",,,,,,
"Jan 10th, 2023",,,,,,
"Jan 10th, 2023",,,,,,
"Jan 10th, 2023",,,,,,
"Jan 10th, 2023",,,,,,
"Jan 10th, 2023",,,,,,
"Jan 10th, 2023",,,,,,
"Jan 10th, 2023",,,,,,
"Jan 10th, 2023",,,,,,
"Jan 10th, 2023",,,,,,
"Jan 10th, 2023",,,,,,
"Jan 10th, 2023",,,,,,
"Jan 10th, 2023",,,,,,
"Jan 10th, 2023",,,,,,
"Jan 10th, 2023",,,,,,
"Jan 10th, 2023",,,,,,
"Jan 10th, 2023",,,,,,
"Jan 10th, 2023",,,,,,
"Dec 14th, 2023",,,,,,
"Dec 14th, 2023",,,,,,
"Dec 14th, 2023",,,,,,
"Dec 14th, 2023",,,,,,
"Dec 14th, 2023",,,,,,
"Dec 14th, 2023",,,,,,
"Dec 14th, 2023",,,,,,
"Dec 14th, 2023",,,,,,
"Dec 14th, 2023",,,,,,
"Aug 13th, 2007",,,,,,
"Mar 30th, 2009",,,,,,
"Mar 30th, 2009",,,,,,
"Mar 30th, 2009",,,,,,
"Mar 30th, 2009",,,,,,
"Aug 9th, 2009",,,,,,
"Mar 16th, 2010",,,,,,
"Mar 16th, 2010",,,,,,
"Mar 16th, 2010",,,,,,
"Mar 16th, 2010",,,,,,
"Mar 16th, 2010",,,,,,
"Feb 11th, 2010",,,,,,
"Jan 10th, 2023",,,,,,
"Jan 10th, 2023",,,,,,
"Jan 10th, 2023",,,,,,
"Jan 10th, 2023",,,,,,
"Jan 10th, 2023",,,,,,
"Mar 29th, 2005",,,,,,
"Mar 29th, 2005",,,,,,
"Mar 2nd, 2004",,,,,,
"Mar 29th, 2005",,,,,,
"Mar 29th, 2005",,,,,,
"Mar 29th, 2005",,,,,,
"Mar 29th, 2005",,,,,,
"Mar 29th, 2005",,,,,,
"Mar 29th, 2005",,,,,,
"Mar 29th, 2005",,,,,,
"Mar 29th, 2005",,,,,,
"Mar 29th, 2005",,,,,,
"Mar 29th, 2005",,,,,,
"Dec 1st, 2005",,,,,,
"Dec 1st, 2005",,,,,,
"Dec 1st, 2005",,,,,,
"Dec 1st, 2005",,,,,,
"Dec 1st, 2005",,,,,,
"Nov 12th, 2012",,,,,,
"Jun 17th, 2013",,,,,,
"Jun 17th, 2013",,,,,,
"Jun 17th, 2013",,,,,,
"Nov 12th, 2012",,,,,,
"Jun 17th, 2013",,,,,,
"Nov 12th, 2012",,,,,,
"Nov 12th, 2012",,,,,,
"Apr 6th, 2014",,,,,,
"Mar 1st, 2014",,,,,,
"Jun 17th, 2013",,,,,,
"Jun 17th, 2013",,,,,,
"Jun 20th, 2016",,,,,,
"Jun 20th, 2016",,,,,,
"Jun 20th, 2016",,,,,,
"Jun 20th, 2016",,,,,,
"Dec 1st, 2017",,,,,,
"Jun 20th, 2016",,,,,,
"Jun 20th, 2016",,,,,,
"Dec 1st, 2017",,,,,,
"Jun 20th, 2016",,,,,,
"Jun 20th, 2016",,,,,,
"Dec 1st, 2017",,,,,,
"Nov 12th, 2012",,,,,,
"Nov 12th, 2012",,,,,,
"Jul 11th, 2017",,,,,,
"Jul 11th, 2017",,,,,,
"Dec 11th, 2018",,,,,,
"Dec 11th, 2018",,,,,,
"Dec 11th, 2018",,,,,,
"Dec 11th, 2018",,,,,,
"Dec 11th, 2018",,,,,,
"Dec 11th, 2018",,,,,,
"Dec 11th, 2018",,,,,,
"Dec 11th, 2018",,,,,,
"Dec 11th, 2018",,,,,,
"Apr 6th, 2021",,,,,,
"Apr 6th, 2021",,,,,,
"Apr 6th, 2021",,,,,,
"Apr 6th, 2021",,,,,,
"Apr 6th, 2021",,,,,,
"Apr 6th, 2021",,,,,,
"Apr 6th, 2021",,,,,,
"Apr 6th, 2021",,,,,,
"Apr 6th, 2021",,,,,,
"Apr 6th, 2021",,,,,,
"Apr 6th, 2021",,,,,,
"Apr 6th, 2021",,,,,,
"Apr 6th, 2021",,,,,,
"Apr 6th, 2021",,,,,,
"Apr 6th, 2021",,,,,,
"Apr 6th, 2021",,,,,,
"Apr 6th, 2021",,,,,,
"Apr 6th, 2021",,,,,,
"Apr 6th, 2021",,,,,,
"Apr 6th, 2021",,,,,,
"Jan 10th, 2023",,,,,,
"Jan 10th, 2023",,,,,,
"Jan 10th, 2023",,,,,,
"Jan 10th, 2023",,,,,,
"Jan 10th, 2023",,,,,,
"Jan 10th, 2023",,,,,,
"Jan 10th, 2023",,,,,,
"Jan 10th, 2023",,,,,,
"Jan 10th, 2023",,,,,,
"Jan 10th, 2023",,,,,,
"Jan 10th, 2023",,,,,,
"Jan 10th, 2023",,,,,,
"Jan 10th, 2023",,,,,,
"Jan 10th, 2023",,,,,,
"Jan 10th, 2023",,,,,,
"Jan 10th, 2023",,,,,,
"Jan 10th, 2023",,,,,,
"Jan 10th, 2023",,,,,,
"Dec 14th, 2023",,,,,,
"Dec 14th, 2023",,,,,,
"Dec 14th, 2023",,,,,,
"Dec 14th, 2023",,,,,,
"Dec 14th, 2023",,,,,,
"Dec 14th, 2023",,,,,,
"Dec 14th, 2023",,,,,,
"Dec 14th, 2023",,,,,,
"Dec 14th, 2023",,,,,,
"Dec 14th, 2023",,,,,,
"Dec 14th, 2023",,,,,,
"Dec 14th, 2023",,,,,,
"Apr 2nd, 2019",,,,,,
"Apr 2nd, 2019",,,,,,
"Apr 2nd, 2019",,,,,,
"Apr 2nd, 2019",,,,,,
"Dec 14th, 2023",,,,,,
"Jul 11th, 2017",,,,,,
"Apr 6th, 2021",,,,,,
"Apr 6th, 2021",,,,,,
"Apr 6th, 2021",,,,,,
"Apr 6th, 2021",,,,,,
"Apr 6th, 2021",,,,,,
"Jan 10th, 2023",,,,,,
"Jan 10th, 2023",,,,,,
"Jan 10th, 2023",,,,,,
"Dec 14th, 2023",,,,,,
"Dec 14th, 2023",,,,,,
"Dec 14th, 2023",,,,,,
"Dec 14th, 2023",,,,,,
"Dec 14th, 2023",,,,,,
"May 11th, 2021",,,,,,
"May 11th, 2021",,,,,,
"May 13th, 2020",,,,,,
"May 13th, 2020",,,,,,
"May 6th, 2021",,,,,,
"May 6th, 2021",,,,,,
"May 6th, 2021",,,,,,
"May 6th, 2021",,,,,,
"May 6th, 2021",,,,,,
"May 6th, 2021",,,,,,
"Aug 29th, 2017",,,,,,
"Aug 29th, 2017",,,,,,
"Aug 29th, 2017",,,,,,
"Aug 29th, 2017",,,,,,
"Aug 29th, 2017",,,,,,
"Aug 29th, 2017",,,,,,
"Dec 21st, 2017",,,,,,
"Aug 29th, 2017",,,,,,
"Dec 21st, 2017",,,,,,
"Aug 29th, 2017",,,,,,
"Dec 21st, 2017",,,,,,
"Oct 15th, 2017",,,,,,
"Dec 21st, 2017",,,,,,
"Aug 29th, 2017",,,,,,
"Jan 30th, 2019",,,,,,
"Jul 29th, 2021",,,,,,
"Jul 29th, 2021",,,,,,
"Jul 29th, 2021",,,,,,
"Jul 29th, 2021",,,,,,
"Jul 29th, 2021",,,,,,
"Feb 15th, 2023",,,,,,
"Feb 15th, 2023",,,,,,
"Feb 15th, 2023",,,,,,
"Aug 24th, 2024",,,,,,
"Aug 24th, 2024",,,,,,
"Mar 30th, 2009",,,,,,
"Mar 30th, 2009",,,,,,
"Mar 30th, 2009",,,,,,
"Mar 16th, 2010",,,,,,
"Mar 30th, 2009",,,,,,
"Aug 9th, 2009",,,,,,
"Nov 1st, 2009",,,,,,
"Mar 30th, 2009",,,,,,
"Aug 9th, 2009",,,,,,
"Aug 29th, 2010",,,,,,
"Mar 16th, 2010",,,,,,
"Feb 14th, 2011",,,,,,
"Feb 15th, 2023",,,,,,
"Feb 15th, 2023",,,,,,
"Feb 15th, 2023",,,,,,
"Aug 24th, 2024",,,,,,
"Feb 15th, 2023",,,,,,
"Feb 15th, 2023",,,,,,
"Aug 24th, 2024",,,,,,
"Aug 24th, 2024",,,,,,
"Mar 30th, 2009",,,,,,
"Aug 9th, 2009",,,,,,
"Feb 15th, 2023",,,,,,
"Feb 15th, 2023",,,,,,
"Aug 24th, 2024",,,,,,
"Aug 24th, 2024",,,,,,
"Aug 24th, 2024",,,,,,
"Aug 24th, 2024",,,,,,
"Feb 15th, 2023",,,,,,
"Feb 15th, 2023",,,,,,
"Feb 15th, 2023",,,,,,
"Aug 24th, 2023",,,,,,
"Aug 24th, 2024",,,,,,
"Aug 24th, 2024",,,,,,
"Feb 15th, 2023",,,,,,
"Feb 15th, 2023",,,,,,
"Aug 24th, 2024",,,,,,
"Aug 24th, 2024",,,,,,
"Nov 14th, 2006",,,,,,
"Aug 13th, 2007",,,,,,
"Sep 8th, 2008",,,,,,
"Mar 30th, 2009",,,,,,
"Mar 30th, 2009",,,,,,
"Mar 30th, 2009",,,,,,
"Feb 14th, 2011",,,,,,
"Mar 16th, 2010",,,,,,
"Mar 16th, 2010",,,,,,
"Mar 16th, 2010",,,,,,
"Mar 16th, 2010",,,,,,
"Feb 14th, 2011",,,,,,
"Feb 14th, 2011",,,,,,
"Mar 16th, 2010",,,,,,
"Feb 14th, 2010",,,,,,
"Feb 14th, 2011",,,,,,
"Feb 14th, 2011",,,,,,
"Feb 14th, 2011",,,,,,
"Jun 1st, 2011",,,,,,
"Oct 9th, 2012",,,,,,
